-52.85,-52.65,-52.5,-52.5,-55,-55,-53.455,-52.264,-51.221,-51.367,-56,-53.153,-50.04,-50.98,-52.033,-54.847,-54.75,-53.5,-51.5,-53.54,-58.272,-58.694,-57.128,-58.064,-59,-59,-59.769,-61.308,-60,-62.2,-59.885,-58.127,-56.087,-56.392,-59.755,-62.75,-62,-58.8,-58,-59.7,-60.532,-59.3,-59.8,-60.61,-59.356,-60.778,-61.311,-60.111,-58.964,-59.327,-61.182,-61.172,-60.187,-60.75,-60.759,-62.5,-67.3,-63.667,-61.686,-60.853,-60.02,-60.25,-62.25,-62.182,-61.818,-60.366,-58.1,-59.047,-61.532,-61.288,-61.417,-60.619,-59.762,-58.905,-57.852,-57.622,-57.568,-57.514,-58.296,-59.611,-59.333
-52.8,-52.6,-52.5,-52.5,-54.167,-55,-53.32,-52.911,-53.028,-54.24,-56,-53.612,-50.85,-49.64,-51.727,-54.745,-54.727,-52.964,-51,-53.48,-58.111,-58.861,-55.156,-53.981,-56.915,-58.305,-59.25,-54.887,-57.049,-55,-59,-56.68,-55.46,-56.275,-59.185,-61.18,-59.286,-56,-55.333,-58,-60.133,-60.302,-59,-59.732,-59,-61,-61.444,-59.815,-60.2,-61.861,-61.303,-58.152,-58.273,-60,-61.667,-62.205,-67.71,-67.133,-62.556,-63.199,-62.968,-62.568,-61.85,-61.124,-60.694,-59,-56.964,-58.442,-60.89,-61.732,-62.103,-61.103,-59.992,-58.881,-57.77,-57.62,-57.562,-57.508,-58.812,-59.625,-59.833
-56,-54,-52.276,-51.81,-53.075,-54.923,-53.289,-51.988,-50.877,-51.667,-54.722,-53.711,-50.714,-49.118,-51.6,-54.533,-55.55,-53.692,-52,-53.2,-57.1,-58,-55,-52.489,-52.222,-55.288,-56.419,-54.713,-55,-55.46,-57.5,-55.194,-55.37,-56.933,-59.763,-60.575,-57.259,-52.553,-54.125,-57.333,-59.905,-59.312,-57.25,-57.607,-58.821,-61.074,-61.407,-59.146,-59.383,-61.15,-61.265,-57.875,-56.571,-57.415,-59.4,-60.958,-63.571,-65.5,-61.302,-59.906,-59.087,-60.032,-61.421,-60.021,-58.621,-57.587,-56.25,-58.05,-60.45,-61.446,-62.103,-60.19,-58.832,-57.685,-57.628,-57.571,-57.514,-58.786,-59.801,-59.87,-59
-55.783,-53.8,-51.62,-52.182,-52.567,-53.8,-52.304,-51.189,-50.689,-51.565,-53.387,-52.806,-49.857,-49.878,-54.32,-58,-54.746,-52.093,-52.844,-57.326,-59,-56.963,-53.807,-51.2,-52.394,-56,-55.275,-53.389,-53.689,-55.86,-58.5,-55.35,-52.333,-56.556,-59.667,-59.593,-54.052,-51.865,-54.519,-56.246,-58.5,-62,-59.6,-58.615,-62.099,-61.435,-56.5,-52.9,-56.2,-61.364,-60.727,-56.8,-55.855,-54.986,-58.16,-60.5,-65.39,-63.714,-63.406,-62.704,-61,-60.257,-57.862,-60.195,-60.503,-58.039,-56.629,-57.829,-58.966,-60.115,-62.086,-59.086,-56.862,-57.322,-57.782,-58.034,-58.284,-60.833,-60.511,-59.514,-60.875
-55,-53.071,-51.01,-51.091,-52.424,-53,-51.833,-51.611,-51.833,-52.8,-56,-52.16,-49.744,-50.171,-55.178,-58.796,-55.978,-51.61,-53.322,-57.311,-60.111,-54.6,-54.148,-53.697,-53.958,-55.773,-53.896,-52.487,-52.956,-54.6,-57,-53.771,-50.426,-56.114,-60.8,-59.444,-54.353,-52.505,-54.109,-55.926,-56.125,-53,-51,-57.5,-60.898,-61.827,-57.712,-52.876,-56.067,-61.136,-61.889,-56.815,-52.2,-54.9,-59,-61.4,-62.196,-63.786,-62.788,-61.791,-60.793,-58.114,-55,-57.333,-59.667,-57.535,-56.116,-57.274,-57.838,-58.403,-58.2,-56.875,-55.586,-56.148,-56.838,-57.528,-58.218,-60,-60.4,-60.6,-61.514
-54.455,-52.855,-51.403,-50.778,-52.296,-52.921,-53,-52.084,-51.468,-52.8,-55.929,-52.16,-49.61,-50.159,-55.178,-58.778,-53.447,-50.382,-51.462,-55.862,-60.17,-57.239,-53.949,-50.4,-53.8,-55.8,-55.68,-53.182,-52.16,-54.237,-56.556,-53.185,-49.889,-54,-60.108,-60.533,-55.515,-55.152,-54.667,-55.873,-55.537,-53.439,-50.5,-56.95,-60.926,-60.393,-56.5,-52.375,-54.594,-60.337,-61.569,-55.987,-52.2,-57.4,-61.133,-61.878,-62.087,-63.894,-62.711,-61.528,-60.345,-57.7,-54.5,-54.875,-54.958,-55.438,-55.412,-55.839,-55.985,-55.918,-55.852,-55.785,-55.546,-56.148,-56.838,-57.528,-58.218,-60,-60.4,-60.473,-62.27
-53.723,-51.908,-50.4,-49.898,-51.475,-52.556,-51.311,-50.833,-50.796,-51.958,-53.824,-51.646,-50.528,-49.222,-53.044,-58.778,-53.978,-50.92,-50.9,-54.436,-60.045,-57.303,-54.133,-49.8,-51.8,-55.8,-55.367,-53.444,-52.154,-54.915,-56.778,-53,-49,-54.289,-60.583,-60.833,-55.833,-54.667,-54.287,-56.044,-54.711,-52.267,-50.167,-56.917,-60.926,-59.767,-56.672,-52.375,-56.099,-60.373,-61.133,-57.133,-53.25,-53.88,-59.15,-61.675,-61.739,-63.786,-62.505,-61.223,-59.941,-57.171,-53.694,-54.555,-54.961,-55.366,-54.555,-54.737,-54.737,-54.737,-54.967,-55.428,-55.402,-56.014,-56.746,-57.479,-58.211,-59.233,-60.137,-59.939,-61.444
-51.848,-51.133,-50.353,-49.898,-51.119,-52.556,-51.519,-51.222,-51.667,-53.167,-53.9,-51.611,-50.468,-49.222,-52.022,-57.889,-52.678,-50.28,-50.812,-53.527,-59.636,-55.303,-52.2,-49.8,-53.8,-55.055,-55.367,-53.471,-51.5,-55.85,-58.111,-53.804,-49.86,-54.023,-60.778,-61.778,-57.389,-52.299,-53.407,-56.267,-54.78,-52.293,-50.173,-56.677,-61.09,-60.273,-55.348,-51.963,-56.122,-60.559,-61.5,-57.82,-54,-55.58,-61,-62.5,-61.214,-63.709,-62.465,-61.22,-59.976,-57.789,-53.789,-55.868,-58.868,-56.934,-53.337,-53.737,-54.137,-54.537,-54.925,-55.303,-55.374,-55.615,-55.91,-56.271,-56.706,-58,-59.44,-58.205,-59.778
-53.704,-52.286,-50.5,-48.5,-50.55,-52.556,-51.519,-51.006,-50.686,-53.167,-54.05,-51.15,-49.476,-50.111,-54.867,-57.639,-52.439,-50.142,-51.607,-54.171,-58.986,-56.789,-53.573,-49.75,-50.446,-51.386,-53.261,-53.667,-51.1,-55.025,-57.722,-53.5,-52.681,-53.125,-59.8,-61.533,-58.963,-56.741,-54.519,-56.111,-54.711,-52.464,-50.336,-56.574,-61.09,-60.03,-55.169,-52.123,-54.906,-59.854,-61.105,-57.626,-54.4,-55.8,-61.5,-62.5,-61.214,-63.709,-62.325,-60.896,-59.467,-57.243,-53.762,-55.575,-58.591,-56.9,-53.263,-53.468,-53.677,-53.914,-54.225,-54.536,-54.546,-54.863,-55.242,-55.621,-56,-58.333,-58.75,-58.292,-58.958
-53.037,-52.568,-51.167,-48.5,-50.549,-52.556,-50.852,-50.311,-50.258,-52.237,-53.952,-51.192,-49.294,-48.667,-51.067,-57.111,-52.444,-49.772,-49.545,-53.268,-58.622,-55.316,-53.074,-49.444,-52.502,-53.48,-53.76,-52.684,-53.26,-53.766,-56.889,-53.289,-50.354,-53.092,-59.963,-61.352,-58.536,-54.42,-52.573,-56.222,-54.4,-54.133,-55.333,-55.774,-60.397,-59.455,-54.769,-51.923,-54.5,-58.877,-60.364,-57.364,-54.236,-54.759,-59.86,-60.927,-59.257,-61.12,-59.819,-59.016,-58.245,-56.78,-54.452,-54.863,-58.091,-57.003,-53.975,-53.538,-53.897,-54.596,-56.945,-56.849,-55.649,-55.07,-55.517,-56.145,-57.205,-58.667,-58.75,-58.333,-60
-52.667,-50,-48.867,-48.375,-50.5,-52.5,-50.833,-49.792,-49.597,-51.083,-54.5,-52.216,-49.933,-48.667,-52.032,-56.8,-53.767,-50.133,-48,-52.721,-55.207,-53.588,-51.471,-49.056,-52.5,-52.9,-53.609,-52.333,-50,-50.55,-53.556,-49.956,-49.2,-52.75,-59.472,-60.889,-58,-54,-52.381,-55.889,-54.267,-54.133,-55.333,-56.533,-60.791,-62.578,-58.286,-53.277,-51.909,-55.121,-58.764,-56.879,-56.273,-56.273,-58.726,-59.633,-58.639,-60.346,-59.382,-58.423,-57.547,-56.1,-53.7,-54.3,-57.9,-57,-53.4,-52.303,-53.65,-56.957,-59.721,-59.228,-57.967,-56.258,-58.704,-60.966,-60.8,-60.267,-59.188,-58.333,-58.875
-52.157,-50.231,-48.667,-48,-50.5,-52.1,-51.125,-49.771,-49.354,-50.5,-54.5,-51.695,-49.444,-48,-53.357,-53.844,-54.874,-52.733,-48,-50.837,-51.188,-51.537,-50.406,-49,-51.5,-54.468,-53.465,-51.679,-50,-50.4,-53.556,-49.956,-52.14,-55.047,-57.641,-58.474,-57.989,-53.71,-52.095,-55.278,-54.6,-52.415,-50.472,-52.906,-58.324,-61.438,-54.585,-51.862,-53.116,-56.777,-58.743,-56.995,-54.44,-54.814,-58.729,-59.633,-58.536,-60.174,-58.684,-56.65,-55.324,-54.103,-52.881,-53.324,-56.883,-60.341,-56.719,-53.119,-52.658,-53.909,-55.092,-58.335,-59.125,-57.125,-58.08,-61.333,-61,-60.667,-59.25,-58.333,-59.167
-52.022,-50.822,-48.732,-48.5,-50.5,-52.1,-51,-49.417,-49.083,-51.714,-54,-52.333,-50.333,-48.991,-51,-56.3,-52.248,-49.583,-47.75,-51.471,-54.625,-52.125,-50.273,-49.435,-51.5,-54,-52.091,-50.25,-49.122,-49.63,-52.889,-49.822,-49.2,-49.75,-54.167,-55.595,-53.5,-53.5,-51.581,-54.996,-54.6,-52.088,-50.029,-52.465,-58.074,-61.611,-54.323,-51.358,-52.895,-55.788,-58.182,-56.109,-54.04,-55.05,-58.975,-59.633,-58.536,-60.15,-58.044,-56.231,-55.065,-53.917,-52.769,-53.345,-57.845,-59.164,-55.77,-52.437,-51.876,-52.938,-54.083,-57.85,-58.518,-55.129,-56.75,-60.75,-57.458,-56.558,-56.385,-57.333,-59
-51.822,-50.822,-49.74,-48.521,-50.512,-52.1,-51,-49.364,-48.897,-49.333,-51.833,-51.788,-50.024,-49.32,-51,-54.782,-51.706,-48.8,-47,-49.5,-54.364,-51.673,-50.018,-49.571,-51.937,-54,-51.6,-49.75,-48.634,-49.422,-52.222,-51.333,-49.333,-49.75,-53.5,-54.786,-52.136,-51.045,-52.494,-54.931,-54.698,-52.483,-49.828,-52.167,-57.84,-62.286,-54.25,-51.25,-52.588,-55.373,-57.273,-55.143,-53.429,-54.944,-57.275,-59.258,-56.652,-58.217,-58.3,-56.213,-55.065,-53.917,-52.769,-53.345,-55.175,-54.775,-54.375,-51.632,-51.08,-52.207,-53.333,-57.6,-58.518,-55.129,-56.4,-60.125,-59.419,-59.6,-58.317,-56.872,-59
-52.121,-50.278,-48.507,-48.1,-50.333,-51.867,-51,-49,-48.818,-49.348,-50.9,-51.838,-49.851,-48,-50.5,-53.898,-51.571,-48.963,-47.111,-51.727,-54.364,-51.673,-50.018,-49.204,-51.5,-54,-51.6,-49.275,-48.236,-49.378,-51.778,-49.511,-49.111,-50.822,-55.5,-57.7,-55.5,-51.7,-50.875,-52.811,-54.681,-51.605,-49.051,-49.75,-54.294,-60.462,-53.5,-49.895,-51.591,-54.471,-56.971,-55.6,-53.538,-54.824,-56.844,-57.673,-55.127,-56.75,-57.05,-55.255,-54.276,-53.297,-52.317,-52.515,-52.91,-52.722,-52.533,-51.345,-51.08,-52.207,-53,-53.211,-52.833,-53.333,-56.667,-60.625,-59.319,-58.014,-55.631,-55.519,-57.5
-51.333,-51.111,-49.444,-47.698,-48.639,-51.083,-51.575,-49.111,-49,-51.364,-51.438,-51.385,-49.083,-48,-50.286,-52.556,-50.556,-47.667,-47.852,-51.63,-52.963,-51.6,-49.139,-48.293,-51.14,-53.5,-51.46,-49.2,-48.444,-50.385,-51.889,-49.889,-47.889,-48.487,-53.104,-54.82,-49.7,-48.5,-49.66,-51.778,-53.944,-49.59,-47.304,-48.673,-52.879,-59.636,-54.5,-46.556,-48.806,-52.347,-52.611,-50.6,-50,-53.3,-55.513,-57.5,-53.133,-55.711,-54.647,-52.505,-51.514,-50.523,-49.532,-52.172,-55.966,-54.862,-51.862,-48.61,-49.922,-51.881,-53.335,-54.569,-53.892,-54.722,-56.984,-59.245,-57.252,-54.919,-51.143,-51.506,-56.833
-50.778,-50.778,-49.143,-48.136,-49.089,-49.889,-48.364,-46.8,-47.067,-48.4,-50,-49.164,-48.269,-48.897,-50.88,-51.6,-49.312,-47.5,-46.4,-47.2,-49.333,-49.152,-47.8,-48.4,-50.78,-52.5,-50.78,-48.661,-47.878,-49.822,-50.222,-48.036,-47,-48.2,-49.479,-48.512,-47.933,-47.333,-48.667,-50.25,-51.893,-49,-46.49,-48.4,-49.474,-49.598,-48.422,-45.862,-47.889,-49.578,-50.333,-49.933,-48.467,-49.415,-51.015,-51.148,-51.676,-52.892,-51.433,-51.601,-51.768,-51.935,-52.102,-52.269,-52.414,-52.134,-50.172,-51.203,-51.119,-51.838,-53.308,-49.693,-49.645,-49.597,-49.549,-49.594,-52.398,-54.5,-49.31,-51.913,-56.82
-49.4,-48.6,-47.894,-47.697,-48.818,-49.909,-48.616,-47.175,-46.944,-48.531,-49.725,-48.627,-47.824,-49,-50.509,-50.727,-47.527,-46.4,-46.4,-47.2,-49.333,-48.6,-47.8,-48.4,-49.7,-52.5,-50.78,-48.661,-47.12,-47.52,-49.6,-47.091,-46.545,-48.109,-51.5,-51.3,-47.7,-46.5,-48.95,-50.696,-50.494,-48.383,-45.959,-47.6,-48.667,-49.031,-46.4,-46.4,-47.429,-49.228,-49.889,-49.489,-47.222,-49.622,-50.928,-50.519,-50.661,-51.818,-49.202,-48.421,-47.64,-46.859,-46.078,-47.81,-49.821,-52.31,-48.822,-44.914,-48.154,-52.027,-52.935,-48.983,-45.428,-45.729,-46.041,-46.369,-46.539,-52.939,-46.594,-46.058,-56.9
-49.4,-48.64,-47.963,-47.696,-48.818,-49.795,-48.294,-46.608,-46.75,-48.531,-49.725,-48.475,-47.817,-49,-50.509,-50.727,-48.391,-47.055,-46.473,-48.267,-49.333,-48.933,-47.8,-48.4,-50.78,-52.5,-50.78,-48.661,-47.12,-47.52,-49.6,-46.583,-45.568,-48.1,-52.5,-52.882,-51,-47,-48.882,-50.407,-49.98,-48.216,-46.4,-50.02,-54.5,-51,-47.875,-48.125,-48.36,-49.382,-49.889,-49.574,-47.917,-48.956,-50.681,-50.374,-50.663,-51.635,-49.301,-48.562,-47.875,-47.111,-46.34,-47.248,-49.533,-52.126,-48.165,-44.068,-47.548,-51.959,-52.935,-49.292,-45.234,-45.093,-44.948,-44.729,-44.51,-47.577,-46.65,-44.867,-55.257
-49.4,-48.64,-47.963,-47.696,-48.556,-48.333,-48.111,-47.182,-46.583,-48.574,-49.75,-48.25,-47.333,-48.4,-50.08,-50.64,-49.504,-47.394,-45.778,-46.963,-49.333,-47.924,-47.438,-47.832,-49.736,-52.5,-50.78,-48.661,-47.12,-47.52,-49.6,-46.55,-45.5,-49.504,-51.606,-52.521,-50.625,-47.125,-48.742,-50.448,-49.971,-48.257,-46.4,-50.02,-56.444,-54.694,-47.753,-47.975,-48.198,-49.407,-49.841,-48.889,-46.889,-47.603,-49.6,-49.8,-49.429,-50.68,-49.509,-49.77,-50.035,-50.299,-50.548,-50.388,-50.229,-51.517,-47.862,-43.862,-47.548,-51.959,-52.774,-48.854,-44.547,-50.875,-55.337,-55.56,-54.712,-51.957,-46.489,-44.22,-50.432
-49.068,-48.652,-47.963,-47.696,-48.8,-49.105,-48.398,-46.951,-46,-48.312,-49.572,-48.179,-47.333,-47.12,-47.869,-50.4,-48.031,-46.353,-45.796,-46.98,-49.333,-48.664,-47.403,-47.619,-49.459,-51.992,-49.2,-47.72,-46.8,-47.2,-49.6,-46.571,-46.152,-46.706,-50.023,-51.632,-49.829,-49.033,-48.419,-50.31,-49.891,-47.857,-45.921,-46.733,-51.933,-56.694,-50.819,-45.556,-47.956,-49.407,-48.333,-47.043,-46.609,-48.181,-50.422,-49.8,-49.241,-51.431,-51.261,-51.091,-50.921,-50.75,-50.58,-50.409,-50.239,-51.517,-47.517,-44.748,-45.429,-47,-49,-49.549,-46.064,-48.765,-49.696,-48.656,-47.616,-50.3,-46.736,-44.114,-45.178
-49.429,-48.402,-47.727,-47.278,-48.556,-49.8,-48.2,-47,-46,-48,-49.36,-48.515,-47.823,-47.12,-47.52,-50.15,-47.833,-47.111,-47.111,-47.069,-49.333,-47.964,-47.262,-47.462,-49.492,-51.438,-50.946,-48.648,-47.104,-47.2,-49.6,-48.96,-47.331,-46.525,-50.5,-51.587,-50,-47.228,-48.222,-50.487,-49.564,-47.85,-46,-50.741,-55.806,-56.333,-52.833,-45.289,-47.889,-49.407,-48.531,-49.306,-46.875,-46.951,-49.156,-49.389,-48.276,-51.437,-51.299,-51.162,-51.025,-50.324,-49.197,-48.07,-48.317,-51.517,-47.517,-43.976,-44.6,-51,-52.18,-49.141,-46.103,-45.475,-44.965,-44.482,-44,-49.6,-45.875,-43.857,-43.993
-49.455,-48.4,-47.505,-46.889,-48.389,-49.8,-48.2,-47,-46,-48,-49.486,-48.894,-47.84,-47.12,-47.511,-50,-49.167,-47.19,-45.796,-46.95,-48.889,-48.531,-47.804,-47.462,-49.492,-51.125,-51.102,-49.189,-47.521,-48.4,-49.2,-46.92,-46.16,-47.75,-50.468,-51.403,-50.429,-47.5,-47.316,-49.646,-49.582,-47.914,-47.032,-46.528,-52.244,-52.867,-47.005,-44.889,-47.689,-49.407,-48.79,-46.645,-46.136,-46.951,-48.969,-49.189,-47.844,-50.611,-47.611,-46.61,-45.726,-44.843,-43.959,-45.117,-48.317,-51.517,-50.046,-50.49,-50.023,-50.428,-52.097,-48.763,-45.43,-44.774,-44.316,-43.899,-43.5,-48.54,-45.62,-43.711,-43.826
-49.444,-48.778,-47.889,-46.889,-47.889,-49.2,-47.667,-46.667,-46,-48,-49.478,-48.87,-47.867,-47.111,-47.511,-50,-47.833,-46.467,-45.5,-46.95,-48.889,-47.6,-47.262,-47.305,-48.645,-50.5,-49.184,-48.746,-48.2,-49.123,-49.2,-46.92,-46.462,-47.9,-50.617,-51.156,-49.75,-46.833,-46.75,-49.273,-49.727,-48,-46.065,-46.561,-52.244,-52.244,-46.489,-44.889,-47.289,-49.037,-49.909,-49.582,-49.333,-49.111,-49.556,-48.944,-47.427,-49.956,-47.316,-46.941,-48.018,-46.89,-44.09,-44.29,-47.49,-50.69,-46.917,-43.388,-44.517,-50.379,-52.161,-48.828,-45.052,-43.292,-43.193,-43.526,-43,-47.8,-45.486,-46.071,-43.493
-49.301,-48.822,-47.889,-46.889,-47.889,-48.8,-47.533,-46.831,-47.231,-48,-49.556,-48.472,-47.389,-46.75,-47.067,-48.8,-47.533,-46.467,-45.5,-46.95,-47.422,-47.542,-47.254,-47.25,-47.95,-47.75,-47.581,-47.36,-47.158,-47.089,-46.889,-46.689,-45.99,-47.957,-50.614,-50.985,-49.5,-46.833,-46.75,-49.045,-49.455,-48,-46,-50.277,-56.215,-54.111,-46.889,-44.889,-46.222,-48.107,-49.655,-49.582,-47.4,-47.5,-49.361,-48.589,-47.027,-49.802,-49.442,-49.081,-48.305,-46.741,-44.09,-44.093,-47.004,-50.089,-46.72,-43.376,-43.717,-48.117,-50.707,-48.517,-44.517,-42.515,-42.51,-42.505,-42.5,-46.252,-45.352,-43,-46.454
-49.1,-48.513,-47.689,-46.889,-47.889,-48.8,-47.533,-46.667,-46,-47.6,-49.125,-48.472,-47.278,-46.667,-47.067,-48.756,-47.605,-46.484,-45.5,-46.739,-48.2,-47.855,-47.306,-47.25,-48.417,-48.233,-47.647,-47.309,-47.444,-47.289,-48.889,-46.722,-45.644,-47.056,-49.808,-49.933,-47.5,-46.167,-46.75,-48.864,-49.264,-48,-46,-51.98,-54.242,-54.041,-46.933,-45.333,-46.694,-48.471,-48.333,-46.133,-45.822,-46.233,-47.896,-48.208,-46.944,-49.261,-47.22,-46.389,-45.559,-44.728,-43.897,-44.093,-43.893,-43.483,-43.283,-43.083,-43.517,-47.567,-50.043,-47.917,-44.317,-42.515,-42.51,-42.505,-42.5,-46.9,-45,-42.834,-42.476
-48.8,-48.4,-47.6,-47.184,-47.918,-48.476,-47.444,-46.667,-46,-47.5,-48.674,-48.278,-47.278,-46.648,-46.981,-48.073,-47.805,-46.66,-45.5,-46.66,-48.028,-47.944,-47.306,-47.244,-48.379,-50.083,-48.25,-47.339,-47.043,-47.289,-48.889,-47.889,-45.644,-47.077,-49.692,-50,-48,-46.167,-46.3,-48,-49.173,-48,-46,-50.093,-54.857,-52.69,-47.111,-47.111,-47.111,-47.844,-47.278,-45.2,-44.4,-44.825,-47.611,-48.111,-46.944,-48.699,-47.213,-45.42,-43.42,-41.784,-42.388,-43.538,-43.338,-43.138,-42.938,-42.727,-43.345,-47.345,-50.251,-47.509,-44.317,-42.515,-42.51,-42.505,-42.5,-45.833,-44.2,-42.8,-42.171
-48.679,-48.56,-47.625,-47.2,-48,-48.485,-47.422,-46.389,-46,-47.2,-48.583,-48.25,-47.056,-46.655,-47.032,-47.617,-47.5,-46.211,-45.444,-46.644,-47.544,-47,-46.775,-46.72,-47.601,-49.295,-48.83,-46.722,-46.384,-47.111,-48.889,-46.111,-45.111,-47.289,-49.972,-50.34,-48.575,-46.189,-46.34,-47.674,-48.25,-46.25,-45.5,-44.64,-47.063,-51.724,-46.479,-44.879,-45.361,-47.056,-47.586,-45,-43.626,-44.825,-47.429,-48,-46.861,-48.324,-47.088,-45.579,-43.579,-41.808,-42.658,-43.536,-43.314,-43.092,-42.87,-42.517,-42.8,-44.507,-45.68,-43.97,-43.31,-43.664,-43.276,-42.888,-42.5,-45.1,-42.625,-42,-43.5
-48.343,-47.857,-47.556,-46.889,-47.31,-48,-47.231,-46.033,-46.5,-46.5,-47.426,-47.083,-46.583,-46.591,-46.759,-47.082,-46.975,-45.944,-45.778,-46.463,-47.244,-47,-46.154,-47.071,-48.035,-49,-47.89,-46.6,-46.376,-47.2,-48,-47,-44.8,-46.16,-48.467,-49.095,-47.036,-45.812,-45.867,-46.315,-46.111,-45.326,-44.246,-49.4,-49.886,-47.444,-46.244,-46.068,-45.742,-45.806,-46.232,-44.777,-43.5,-44.438,-45.446,-45.439,-45.056,-45.793,-45.024,-44.842,-42.842,-41.822,-42.901,-43.848,-44.291,-42.977,-41.977,-40.69,-42.952,-45.31,-42.828,-41.078,-39.351,-39.276,-39.201,-39.127,-39,-42.07,-39.686,-39.25,-39.828
-47.668,-47.49,-47.239,-46.889,-47.265,-48,-47,-46.178,-46,-46.08,-46.8,-47.2,-47,-46.78,-47,-47,-46.2,-45.644,-45.864,-46.698,-47.449,-46.332,-46.067,-46.548,-47.422,-48.512,-47.349,-46.4,-46.4,-47.2,-48,-45.773,-44.641,-45.728,-46.3,-46.375,-45.5,-45.5,-45.602,-46.111,-45.611,-44.571,-45.147,-48.755,-49.735,-46.746,-45.271,-45.629,-47.057,-48.203,-45.778,-44.804,-44.118,-44.3,-44.795,-44.533,-43.5,-45.5,-45.531,-44.818,-41.811,-40.257,-41.857,-42.764,-43.444,-43.136,-41.852,-40.728,-41.028,-42.228,-41.885,-40.328,-38.936,-38.861,-38.786,-38.712,-38.603,-40.2,-39.229,-38.292,-39.917
-47.4,-47.433,-47.444,-47.565,-48,-47.73,-46.689,-46.094,-46.4,-46.8,-46.8,-47.2,-47.011,-46.745,-46.971,-46.815,-46.138,-45.796,-45.844,-46.66,-47.5,-46.3,-46,-46.4,-47.313,-48.563,-47.386,-46.4,-46.4,-47.2,-47.515,-45.516,-44.636,-44.636,-45.033,-45.503,-45.5,-45.5,-45.757,-46.111,-45.593,-44.88,-43.8,-45.033,-45.984,-46.185,-45.271,-45.629,-47.057,-47.444,-45.891,-45.17,-44.234,-44.3,-44.795,-44.299,-43.3,-45.46,-45.531,-44.906,-41.811,-40.257,-41.857,-42.764,-43.287,-43.101,-41.852,-40.731,-40.808,-40.975,-40.248,-39.52,-38.814,-38.75,-38.659,-38.568,-38.773,-39.867,-39.086,-39.215,-39.984
-47.444,-47.444,-47.444,-47.352,-47.07,-46.802,-46.534,-46.2,-46.08,-46.697,-46.8,-46.655,-46.267,-46.541,-46.641,-46.844,-46,-45.611,-45.722,-46.66,-47.5,-46.3,-46,-46.44,-47.359,-48.053,-47.645,-46.6,-46,-46.182,-46.909,-46.909,-44.636,-44.745,-45.123,-45.571,-45.537,-45.517,-45.867,-46.111,-45.594,-44.95,-43.929,-44.606,-46,-46.08,-45.227,-46.178,-48.222,-47.067,-45.875,-45.125,-44.375,-44.25,-44.75,-44.349,-43,-45.441,-44.875,-43.52,-41.896,-39.702,-40.18,-41.04,-42.64,-43.181,-42.134,-41.103,-40.238,-39.793,-39.349,-38.935,-38.788,-39.421,-39.07,-38.744,-38.773,-39.867,-39.086,-39.908,-41.42
-47.444,-47.444,-47.444,-47.565,-48,-47.545,-46.794,-46.85,-46.453,-46.444,-46.8,-46.2,-46.267,-46.741,-47,-46.667,-46.114,-45.889,-45.889,-46.488,-47.286,-46.6,-46.036,-46.472,-47.389,-48.6,-47.76,-46.6,-46,-46.182,-46.909,-44.636,-44.636,-44.745,-45.133,-45.588,-45.593,-45.815,-46.037,-46.111,-45.284,-44.782,-43.8,-44.557,-45.697,-45.689,-45.209,-45.91,-47.63,-45.813,-45.857,-45.571,-44.9,-44.5,-44.75,-44.333,-43,-45.5,-43.1,-41.916,-41.012,-40.017,-40.049,-41.139,-42.732,-43.048,-42.017,-41.084,-40.822,-42.087,-40.617,-39.147,-38.714,-39.528,-39.185,-38.836,-38.546,-38.962,-39.004,-39.185,-40.355
-47.606,-47.889,-48,-48,-48,-47.6,-47.483,-46.828,-46.491,-46.449,-46.8,-47.2,-47.055,-46.741,-47,-47,-47,-46.607,-46.167,-46.889,-47.333,-46.593,-46,-46.268,-47.333,-48.527,-47.756,-46.763,-46.111,-47.264,-47.691,-47.549,-45.471,-44.733,-45.133,-45.588,-45.593,-45.815,-46.037,-46.111,-45.794,-44.861,-43.778,-44.242,-45.714,-47.684,-49.951,-49.753,-49.555,-47.52,-45.845,-45.509,-45.17,-45.125,-45.062,-44.333,-43,-45,-43,-41.982,-41.291,-40.6,-40.207,-41.117,-42.717,-43.073,-42.103,-41.103,-40.822,-42.8,-41.381,-39.962,-38.714,-39.36,-39.073,-38.787,-38.5,-39.648,-39.136,-39.65,-38.503
-47.598,-47.889,-48,-48,-48,-47.556,-46.821,-46.5,-46.5,-46.9,-46.8,-46.2,-46.25,-46.65,-47,-46.918,-46.59,-46.444,-46.444,-46.889,-47.333,-46.738,-46,-46,-47.1,-48.556,-47.756,-47.514,-47.343,-46.268,-47.812,-48,-46.286,-45.25,-44.979,-45.337,-45.544,-45.515,-45.568,-45.556,-45.053,-44.403,-43.753,-44.384,-45.495,-47.684,-50,-50,-49.892,-47.509,-45.789,-45.5,-45.5,-45.25,-45,-44.333,-43,-45,-43,-41.958,-41.236,-40.527,-39.857,-40.352,-41.456,-42.009,-41.604,-41.051,-40.547,-39.848,-39.448,-39.048,-38.759,-39.36,-39.073,-38.787,-38.5,-39.648,-39.071,-39.75,-38.503
-47.614,-47.783,-48,-48,-48,-48.222,-47.778,-47.133,-46.5,-46.45,-46.8,-46.235,-46.222,-46.556,-47,-46.918,-46.59,-46.444,-46.444,-46.889,-47.333,-46.889,-46.5,-46.756,-47.652,-48.185,-47.119,-47.393,-47.836,-48.279,-47.571,-45,-48.667,-47.554,-46.197,-45.317,-45.544,-45.515,-45.545,-45.556,-44.722,-44.056,-43.806,-44.133,-45.583,-45.617,-46.44,-47.632,-49.5,-48.37,-46,-46,-45.837,-45.153,-45,-44.5,-43.5,-45,-43.948,-42.897,-41.845,-40.794,-39.792,-39.55,-40.75,-41.25,-40.583,-39.95,-39.55,-39.15,-38.833,-38.733,-39.089,-39.157,-38.938,-38.719,-38.5,-39.278,-39.179,-39.75,-38.503
-47.711,-47.539,-47.803,-48,-48,-48.429,-47.769,-47.124,-46.488,-46.442,-46.735,-46.235,-46.222,-46.556,-46.5,-46,-46,-46.1,-46.4,-46.7,-46.976,-46.659,-46.5,-46.512,-46.644,-47.444,-46.651,-45.86,-45.114,-44.571,-45.25,-46,-45.915,-44.979,-45.144,-45.25,-45.544,-45.562,-45.545,-45.556,-44.908,-44.522,-44.65,-44.183,-45.099,-46.5,-47.222,-47,-49.5,-48.185,-45.107,-43.5,-43.5,-43.825,-44.067,-43.808,-43.5,-43.278,-43.056,-42.214,-41.548,-41.11,-40.818,-40.175,-40.679,-40.911,-40.768,-40.927,-41.974,-40.994,-40.013,-39.533,-39.889,-39.957,-39.738,-39.519,-39.3,-39.463,-39.482,-39.3,-39.02
-47.818,-47.783,-48,-48,-48,-48.038,-47.733,-47.091,-46.455,-46.676,-46.823,-46.286,-46,-46,-46,-46,-46,-46.1,-46.4,-46.708,-46.889,-46.37,-46.2,-46.512,-46.703,-47.444,-46.519,-45.75,-45.375,-45.477,-46,-46,-45.4,-44.607,-44.822,-45.15,-45.383,-45.75,-46,-46,-45.556,-45.556,-45.156,-44.489,-45.484,-44.958,-44.6,-47.2,-49.5,-48.049,-44.81,-43.572,-43.5,-43.625,-43.917,-43.583,-42.739,-41.725,-41.016,-40.794,-40.572,-40.233,-40.1,-40.1,-40.5,-40.75,-40.75,-40.725,-40.525,-40.325,-40.125,-40.146,-40.534,-40.795,-40.363,-39.932,-39.5,-39.463,-39.482,-39.3,-39.026
-48.167,-47.689,-48,-48,-48.216,-48.8,-48.116,-47.209,-46.455,-46.423,-46.823,-46.44,-46.156,-46.48,-46.111,-46,-46.224,-46.489,-46.444,-46.815,-46.889,-46.37,-46.2,-46.512,-46.517,-46.606,-45.94,-45.659,-45.609,-46,-45.722,-45.523,-45.5,-46,-46,-45.191,-45.586,-45.862,-46,-46,-45.814,-45.594,-44.838,-44.444,-45.246,-44.9,-47.7,-49.25,-49.4,-49.018,-45.091,-43.818,-43.5,-43.7,-43.78,-43.38,-42.731,-41.581,-41.25,-41.625,-40.875,-40.26,-40.28,-40.083,-40.417,-40.69,-40.75,-40.725,-40.525,-40.325,-40.125,-40.103,-40.394,-40.524,-40.081,-39.791,-39.643,-40.1,-40.508,-40,-40.322
-47.983,-47.762,-48,-48,-48,-48.8,-47.837,-47.041,-46.467,-46.44,-46.419,-46.7,-46.667,-47,-46.6,-46.2,-46,-46.074,-46.429,-46.8,-46.873,-46.455,-46.25,-46.512,-46.491,-46.102,-45.909,-45.688,-45.496,-45.5,-45.5,-45.5,-45.471,-45.958,-45.777,-45.2,-45.6,-45.963,-45.808,-45.5,-45.5,-45.39,-44.569,-44.8,-44.879,-44.5,-47.833,-48.972,-47.614,-45.117,-44.435,-43.6,-43.25,-43.75,-43.6,-42.9,-42.5,-42.425,-42.134,-41.836,-41.419,-40.8,-40.349,-40.111,-40,-40,-41.19,-40.927,-40.642,-40.69,-40.907,-39.748,-39.486,-39.761,-39.703,-39.868,-40.034,-39.071,-40.929,-41.067,-41.714
-47.444,-47.756,-48,-48,-47.815,-47.667,-46.776,-46.898,-46.717,-46.438,-46.407,-46.7,-47,-47.213,-46.634,-46.122,-46.161,-46.75,-47,-46.871,-46.553,-46.6,-47.5,-47.4,-46.3,-45.96,-45.875,-45.5,-45.875,-45.875,-45.556,-45.5,-46,-45.894,-45.644,-45.491,-46.804,-46.574,-46.241,-45.256,-44.75,-44.8,-45,-44.917,-44.566,-44.472,-46.455,-49.667,-46.444,-43.793,-43.833,-43.938,-44.455,-44,-43.6,-43,-43,-42.7,-42.225,-41.675,-41.363,-41.913,-41.915,-41.275,-40.644,-40,-41.07,-43.421,-42.238,-43.019,-44.086,-41.057,-38.172,-38.172,-38.511,-38.762,-39.059,-39.5,-43.077,-43.077,-45.5
-47.444,-47.7,-47.9,-48,-47.689,-46.889,-46.521,-46.966,-46.798,-46.46,-46.61,-47.372,-47.6,-47.38,-46.8,-46,-46.311,-47.032,-47.22,-46.844,-46.444,-46.778,-47.412,-47.898,-47.49,-46.2,-45.872,-45.747,-46,-46,-45.7,-45.8,-46.333,-46,-45.714,-45.68,-46.556,-46.701,-45.167,-44.71,-45.075,-45.9,-46.233,-45.559,-44.719,-44.259,-45.133,-49.133,-46.378,-44.438,-43.625,-44.25,-44.9,-44.2,-43.1,-42.953,-43.529,-42.813,-42.25,-41.917,-41.5,-40.856,-42.176,-43.087,-41.435,-40.395,-43.395,-43.254,-42.567,-43.9,-45.1,-45.9,-46.7,-42.96,-42.085,-43.556,-45.026,-44.313,-45.441,-47.95,-45.75
-47.4,-47.4,-47.8,-47.6,-46.8,-46.889,-46.489,-46.8,-46.8,-46.489,-46.636,-47.436,-47.196,-47.2,-46.583,-46,-46.8,-47.375,-47.4,-46.8,-46.4,-46.455,-47.796,-48.831,-48,-46.298,-45.688,-45.7,-45.917,-45.643,-45.5,-46,-47.111,-46.706,-46.039,-45.579,-45.312,-45.063,-45.571,-44.765,-45.113,-45.955,-46.881,-46.312,-44.74,-44.356,-46.233,-49.933,-49.739,-47.1,-43.75,-44.738,-45.333,-44.345,-43.1,-42.96,-42.858,-42.5,-42.109,-41.761,-41.321,-40.737,-42.541,-43.704,-41.712,-40.496,-43.967,-43.62,-42.567,-43.965,-45.358,-46.296,-47.234,-47.581,-47.762,-47.922,-47.99,-47.1,-44.036,-48.339,-49
-47.4,-47.733,-48.143,-48.333,-47.778,-46.895,-47.1,-47.033,-47,-46.692,-46.714,-47.45,-47.545,-47.145,-46.4,-46,-46.8,-47.6,-47.8,-47.2,-46.4,-45.5,-46.256,-46.389,-46,-46,-45.6,-46.07,-46,-45.566,-45.513,-46.176,-48.556,-47.556,-46.467,-45.2,-46.35,-46.1,-45.85,-44.84,-45.479,-46.574,-47.357,-47.04,-45.303,-44.5,-45.25,-49.087,-46.378,-44.176,-43.7,-44.5,-46.1,-45.6,-43.75,-43.383,-44.672,-42.934,-42.152,-41.689,-41.225,-40.761,-42.857,-43.4,-41.4,-41.024,-44.439,-45.235,-45.353,-45.471,-45.588,-46.425,-47.342,-47.885,-48.047,-48.164,-48.28,-47.601,-44.399,-48.702,-49.318
-48.204,-48.144,-48.143,-48.333,-47.8,-47,-47.333,-47.3,-46.872,-46.433,-46.4,-46.591,-47.227,-47.327,-46.8,-46,-46.8,-47.6,-47.6,-46.806,-46.06,-45.509,-45.545,-45.8,-47.645,-46.143,-46.4,-46.425,-46.332,-45.922,-45.545,-47.045,-48.556,-47.6,-46.467,-45.2,-46,-46.188,-45.5,-45.111,-45.547,-46.623,-47.725,-46.777,-44.801,-44.688,-45.781,-49.652,-49.733,-47.133,-44.6,-46.02,-46.804,-46.068,-44,-43.45,-44.846,-43.068,-42.204,-41.81,-41.415,-41.01,-43,-43.442,-41.4,-41.067,-44.649,-45.591,-45.644,-45.57,-45.647,-46.588,-47.529,-48.062,-48.188,-48.312,-48.438,-47.827,-44.741,-48.864,-49.077
-47.978,-48.002,-48.143,-48.357,-48,-47.2,-47.3,-47.357,-47.026,-46.515,-46.408,-46.576,-47.09,-47.4,-46.8,-46,-46.8,-47.556,-47.778,-46.978,-46.4,-47.1,-47.923,-49,-48,-46.6,-46.52,-46.4,-46.267,-45.914,-45.571,-47.196,-49,-47.696,-46.5,-45.5,-45.545,-46.273,-45.762,-45.263,-45.791,-46.955,-47.926,-47.175,-45.286,-44.688,-49.294,-50.624,-49.556,-47.133,-44.222,-46.05,-47.017,-46.2,-43.333,-44.222,-45.26,-42.796,-42.224,-41.823,-41.422,-41.021,-41.366,-41.753,-42.139,-41.957,-44.418,-45.945,-46.001,-46.086,-46.294,-47.176,-48.059,-45.875,-42.333,-42.775,-43.217,-43.658,-44.909,-48.909,-50.111
-47.4,-47.4,-47.714,-47.782,-47.451,-47.2,-47.25,-47.435,-47.176,-46.788,-46.788,-47.455,-47.455,-47.4,-46.789,-46,-46.667,-47.37,-48,-47,-46.4,-45.8,-45.926,-46.778,-46,-46.6,-46.5,-46.077,-46.147,-46.727,-45.6,-47.438,-48.937,-47.783,-47.051,-45.756,-46.357,-47.271,-46.617,-45.138,-44.971,-46.523,-48.273,-47.081,-45.281,-44.385,-45.462,-45.875,-47.778,-44.75,-44.222,-46.05,-47.017,-46.2,-44.167,-43.667,-45.044,-43.199,-42.733,-42.268,-41.803,-41.337,-44.237,-45.772,-45.63,-46.043,-46.318,-46.369,-46.557,-46.746,-46.941,-47.759,-48.553,-47.8,-46.91,-47.905,-48.9,-48.832,-45.739,-49.473,-50.423
-47.556,-47.911,-48,-47.782,-46.982,-46.98,-46.7,-46.808,-47,-46.485,-46.555,-46.755,-47.061,-47.327,-46.68,-46,-46.667,-46.932,-46.586,-45.706,-45.477,-45.477,-46.135,-47.083,-48.928,-46.6,-47.233,-47.667,-48,-47,-45.6,-47.136,-48.667,-48.222,-47.056,-45.246,-45.852,-46.583,-46.947,-46.727,-48,-47.915,-47.582,-47.218,-45.277,-45.533,-47.046,-46.914,-45.82,-44.657,-43.909,-44.782,-46.5,-46,-43.861,-44.222,-45.41,-44.148,-46.639,-46.852,-46.931,-47.009,-47.088,-46.816,-43.571,-42.082,-44.775,-46.728,-46.88,-47.033,-47.185,-47.875,-48.625,-46.5,-41.5,-40.528,-42.149,-43.77,-46.333,-49.836,-50.4
-48,-48,-48,-47.8,-47,-46.98,-46.792,-47.125,-47,-46.5,-46.455,-47.24,-47.516,-47.321,-46.79,-46,-45.6,-45.852,-46.056,-45.444,-45.444,-45.444,-46.333,-46.368,-46.2,-46.6,-47.173,-47.637,-48,-47.021,-47.086,-47.309,-47.604,-47.979,-46.361,-45.37,-46.186,-46.462,-46.942,-46.621,-47.505,-48.217,-48.435,-47.6,-45.771,-45.042,-49.697,-50.75,-47.4,-44.333,-43.824,-44.765,-45.136,-45.318,-44.206,-44.667,-46.381,-46.581,-46.781,-46.9,-47.029,-47.159,-47.288,-47.418,-44.142,-42.32,-44.823,-46.728,-46.88,-47.033,-47.185,-44.5,-41.6,-41.387,-41.366,-42.059,-43.235,-44.412,-47,-50.1,-50.5
-48,-48,-48,-47.8,-47,-47,-47.5,-47.85,-47.25,-46.769,-46.526,-47.268,-47.5,-47.3,-46.5,-46,-45.5,-46.037,-45.895,-47.29,-46.492,-46.669,-48.24,-48.785,-47.938,-47.083,-46.98,-47.756,-48.556,-47.056,-46.07,-47.16,-48.667,-48.067,-46.361,-45.738,-46.781,-47.297,-46.942,-46.271,-46.551,-46.832,-47.151,-47.18,-46.108,-44.091,-49.391,-50.633,-47.4,-44.39,-44.037,-45.704,-46.92,-46.25,-44.655,-44.667,-46.667,-46.848,-47.048,-47.186,-47.282,-47.378,-47.401,-47.421,-43.575,-42.75,-45.05,-46.728,-46.88,-47.033,-47.185,-47.586,-47.374,-47.162,-43.6,-42.132,-43.479,-44.826,-46.6,-49.127,-50.5
-48,-48,-48,-47.8,-47,-47,-46.7,-46.833,-47.5,-47.5,-46.733,-47.094,-47.531,-47.318,-46.5,-46,-46.037,-46.766,-47.772,-47,-46.571,-47.2,-48.4,-48.667,-48,-47.089,-46.98,-47.756,-48.556,-47.389,-46,-47.353,-48.735,-47.556,-45.711,-45.911,-47.118,-47.706,-47.234,-45.732,-44.682,-45.094,-46,-46.667,-44.928,-44.125,-49.204,-51.041,-47.9,-44.783,-44.037,-45.704,-46.92,-47.12,-46.222,-45.009,-46.241,-45.488,-46.153,-47.341,-47.361,-47.381,-47.401,-47.421,-43.575,-42.586,-44.731,-46.821,-46.882,-47.032,-47.182,-47.8,-48.6,-47.2,-43.695,-41.188,-42.89,-44.968,-47.968,-51.047,-51.333
-48.151,-48.158,-48.161,-47.861,-48,-47.2,-47.5,-47.9,-47.5,-46.5,-46.5,-47.082,-47.556,-47.417,-46.656,-46,-47.071,-48,-48.5,-47.45,-45.902,-46.842,-48.4,-48.667,-48,-47.235,-47.237,-47.911,-49.111,-47.611,-46.118,-46.019,-46.568,-46.023,-45.306,-45.911,-48.25,-48.667,-47.145,-45.824,-44.6,-46.333,-46.76,-47,-46.048,-44.395,-48.932,-50.923,-48.5,-45.739,-44.789,-45.789,-46.92,-46.75,-45.693,-45.306,-46.616,-45.982,-46.521,-47.477,-47.42,-47.38,-47.4,-47.42,-44.292,-42.961,-45.454,-47.421,-47.421,-47.421,-47.421,-47.518,-47.756,-48.486,-49.261,-49.316,-48.968,-47.286,-49.755,-51.977,-53.385
-48.233,-48.433,-48.556,-48.556,-48.373,-47.275,-47,-48,-47.5,-47.5,-46.75,-47.082,-47.556,-47.417,-46.8,-46,-48.17,-48.851,-47.607,-46.5,-45.5,-47.125,-48.375,-48.667,-48,-47.235,-47,-48.1,-48.071,-46.982,-46.097,-47.5,-49,-47.032,-45.306,-46.111,-48.719,-48.5,-48.568,-47.722,-44.722,-46.576,-49,-47.617,-46.529,-45.182,-48.644,-51.778,-47.778,-46.317,-45.175,-47,-48.5,-46.889,-45.893,-45.679,-47.111,-46.528,-46.819,-46.722,-45.498,-44.558,-46.025,-47.034,-45.316,-44.079,-47.105,-48.889,-48.667,-48.444,-48.222,-48.756,-49.597,-50.438,-51.279,-52.12,-50.8,-49.9,-53.5,-53.959,-51
-48,-48.25,-48.855,-48.432,-47.95,-47.622,-48.243,-48.5,-47.75,-46.9,-46.5,-47.081,-47.302,-47.34,-47.349,-47.444,-47.865,-47.85,-47.004,-45.995,-45.888,-47.439,-48.4,-48.667,-47.942,-47.194,-47.611,-48.5,-48.2,-46.88,-46,-47.1,-49,-47.4,-46.156,-46.556,-49.803,-51.896,-49.688,-48.124,-47.875,-49.089,-50.083,-49.283,-48.12,-47.67,-48.978,-51.778,-48.489,-46.657,-45.806,-47.633,-50.1,-49.676,-48.963,-48.556,-50.111,-48.068,-48.125,-46.732,-46.517,-46.178,-45.766,-45.322,-44.877,-45.707,-49.992,-52.722,-53.013,-53.304,-53.595,-50.006,-47.549,-48.139,-48.728,-49.318,-50.089,-52.042,-56.375,-57.75,-57.343
-48.333,-48.351,-49,-48.344,-47.78,-47.509,-47.444,-48.12,-47.92,-46.844,-46.444,-47.111,-47.593,-47.797,-47.944,-47.444,-48.377,-48.76,-47.4,-46.468,-46.182,-47.636,-48.9,-48.964,-47.8,-47,-47.8,-48.82,-48.42,-46.88,-46,-47.1,-48.673,-47.439,-46.511,-46.542,-48.292,-52.643,-49.212,-48,-47.959,-49.082,-50.6,-49.36,-48.102,-49.01,-51.141,-51.706,-50.694,-47.812,-46.519,-48.143,-48.857,-47.958,-48.036,-49.562,-49.85,-47.423,-50.1,-51.792,-52.031,-52.303,-52.66,-51.866,-48.857,-47.185,-53.086,-55.296,-55.423,-55.622,-55.821,-51.964,-48.195,-47.989,-48.641,-48.624,-51.01,-53.45,-57.5,-60.25,-59.5
-48.117,-48.289,-48.872,-48.516,-47.829,-47.456,-47.444,-48.408,-48.24,-47.051,-46.361,-46.917,-47.583,-48,-47.854,-47.417,-48.388,-48.878,-48.647,-48,-47,-48,-48.882,-49.3,-48.5,-47,-47.8,-49.089,-48.689,-48.178,-46.963,-47.667,-49.082,-48,-46.444,-47.051,-49.143,-53.657,-50.167,-48.042,-48.076,-49.24,-49.76,-48.485,-47.763,-47.111,-46.643,-47.214,-46.75,-46.038,-46.132,-46.5,-47.648,-47.722,-47.904,-49.545,-50.721,-46.976,-48.421,-51.022,-51.068,-51.674,-52.41,-51.866,-48.857,-47.185,-53.086,-55.299,-55.527,-55.855,-56.286,-53.682,-52.503,-52.561,-51.222,-53,-55.936,-55.864,-58.141,-60.625,-59.5
-48.185,-48.649,-49.111,-49.3,-48.745,-47.727,-47.444,-47.976,-48.632,-47.158,-46.164,-47.115,-47.867,-48.245,-47.5,-47,-48.073,-49.024,-49,-48,-47,-48,-49.103,-49.55,-48.5,-47,-48.462,-49.664,-50.068,-48.838,-47.932,-48.556,-48.034,-47.248,-46.027,-47.111,-50.268,-52.821,-48.799,-47.65,-46.5,-47.5,-48.5,-46.667,-47.333,-48.286,-49.118,-49.382,-48.5,-46.278,-47.389,-50.22,-51.644,-49.385,-47.556,-47.969,-50.912,-47.714,-46.462,-50.462,-51.218,-51.975,-52.732,-52.467,-49.133,-47.01,-51.743,-53.253,-53.499,-56.006,-56.351,-57.353,-58.652,-57.517,-58.907,-59.892,-60.877,-55.722,-59.703,-61.062,-59.5
-48.185,-48.289,-49.025,-49.017,-48.05,-47.556,-47.427,-47.342,-48.455,-46.693,-46.44,-47.226,-47.867,-48.245,-47.5,-47,-47.667,-48.019,-48.057,-48,-47,-48,-49.118,-50,-48.416,-47.221,-47.135,-48.684,-50.089,-48.709,-47.746,-48.565,-49.623,-47.576,-46.114,-47.25,-50.268,-50.306,-48.719,-47.702,-46.837,-47.269,-48.5,-46.75,-47.185,-48.219,-49.362,-51.767,-50.292,-47.25,-47.65,-50.458,-52.492,-51.19,-48.776,-46.462,-48.84,-49.421,-45.154,-45.484,-45.865,-47.514,-52.234,-52.467,-49.133,-47.799,-52.862,-54.424,-47.442,-45.653,-52.224,-52.911,-55.083,-60.114,-60.576,-61.038,-61.5,-56.5,-60.167,-61.25,-59.931
-48.185,-48.289,-49.025,-49.017,-48.05,-47.556,-47,-46.524,-47.5,-46.357,-46.42,-47.284,-47.964,-48.333,-47.676,-47.05,-47.667,-48.091,-48.091,-48,-47,-48,-49.2,-50.5,-48.82,-47.219,-47.277,-48.857,-50.667,-49.293,-47.6,-48.8,-47.017,-46.878,-46.179,-47.25,-52.226,-55,-48.719,-47.702,-46.893,-49.5,-49.966,-47.708,-49.333,-48.19,-49.333,-51.805,-51.186,-48.806,-48,-50.915,-52.983,-51.5,-48.722,-48.957,-51.5,-50.935,-50.206,-46.947,-46.615,-50.615,-52.234,-52.467,-52.084,-53.51,-54.936,-56.091,-49.456,-44.105,-54.105,-58.94,-60.405,-61.333,-61.722,-62.111,-62.5,-57.891,-60.178,-60.222,-60.026
-48.533,-48.642,-49.025,-49.017,-48.036,-47.582,-46.916,-46.746,-47.045,-46.014,-46.249,-46.846,-47.746,-48.889,-48.889,-47.6,-49.427,-50.031,-50.111,-48.385,-47,-48,-49.356,-50.8,-48.7,-46.75,-47.417,-49.385,-50.732,-49.556,-47.556,-48.356,-49.62,-49.15,-47.35,-47.38,-49.915,-53.983,-48.719,-47.702,-48.547,-49.6,-49.819,-50.038,-48.307,-49.135,-51.107,-52.35,-51.521,-49.206,-48.13,-50.199,-52.75,-52.371,-49.957,-49.732,-51.869,-50.972,-50.334,-48.472,-46.589,-50.615,-50.042,-48.045,-46.117,-48.958,-54.266,-56.331,-49.456,-44.052,-45.176,-48.016,-59.053,-61.872,-62.459,-63.046,-62.529,-59.1,-61.3,-62.7,-60.895
-48.556,-48.444,-49.279,-49.32,-48.727,-47.727,-46.923,-47.433,-49.5,-48,-46.516,-47.537,-48.279,-48.889,-48.889,-47.6,-49.6,-50.031,-49.926,-48,-47.455,-48.733,-49.733,-51,-49.3,-47.375,-48.35,-50.385,-51.61,-49.956,-47.556,-56.304,-57.457,-51.907,-46.974,-47.147,-48.458,-48.708,-48.722,-47.72,-49.167,-50.438,-50.629,-50.4,-48.426,-49.647,-51.2,-52.2,-51.667,-49.067,-48.394,-50.05,-50.265,-50.224,-49.442,-49.743,-51.154,-49.408,-48.022,-47.285,-46.547,-47.858,-47.775,-45.571,-45.956,-51.689,-56.331,-58.615,-59.563,-50.916,-50.258,-56.314,-62.35,-62.937,-60.458,-58.209,-58.116,-58.023,-61.3,-61.5,-60.145
-48.556,-49.052,-49.396,-49.213,-48.654,-47.654,-47.969,-48.8,-50.125,-48.5,-46.5,-46.867,-47.556,-48.889,-47,-47.455,-48.95,-48.832,-50.222,-49.6,-47.556,-48.556,-49.733,-51,-49.3,-47.675,-48.675,-50.827,-52,-50.766,-55.66,-60.553,-60.214,-54.643,-49.071,-46.853,-47.986,-48.889,-48.722,-47.722,-48.296,-49.185,-50.441,-51.226,-47.429,-47.039,-48.114,-51.143,-51.867,-49.431,-48.7,-51.5,-53.167,-52.6,-50.673,-52.935,-51.244,-50.711,-50.178,-48.66,-47.023,-46.333,-46.222,-46,-47.681,-52.833,-56.159,-58.34,-60.521,-62.503,-54.148,-61,-58.488,-58.395,-58.302,-58.209,-58.148,-58.23,-62.3,-63.2,-59.711
-49.125,-49.19,-49.48,-49,-47.45,-46.54,-47.646,-48.931,-50.5,-48.5,-46.5,-46.938,-47.5,-48.459,-46.261,-46.125,-46.471,-48.303,-48.339,-48,-47.556,-48.542,-49.733,-51,-49.3,-47.7,-49.31,-51.3,-52.819,-53.386,-52.2,-56,-54.111,-49.913,-47.464,-46.286,-46.286,-47.595,-49.426,-47.833,-49.222,-50.58,-51.691,-51.847,-48.656,-46.847,-48.276,-51.505,-52.25,-49.615,-48.962,-51.812,-53.74,-52.748,-50.05,-49.797,-51.244,-49.463,-47.728,-47.178,-46.632,-46.275,-46.458,-46.55,-48.278,-51.643,-54.714,-57.786,-60.379,-62.493,-60.415,-62.9,-60.565,-61.086,-61.607,-62.081,-62.267,-62.453,-64.3,-63.543,-60.084
-49.4,-48.857,-48.87,-48.288,-47.222,-46.539,-47.642,-48.94,-50.5,-48.9,-47.6,-47.25,-48.178,-48.414,-46.231,-46.229,-46.831,-48.597,-50.364,-48,-47.652,-48.296,-49.71,-51.25,-49.65,-48.554,-49.7,-51.261,-52.651,-52.506,-51.444,-51.579,-51.404,-50.427,-47.413,-46.354,-46.309,-47.595,-49.5,-47.833,-48.481,-49.617,-51.32,-51.875,-49.308,-46.487,-47.735,-48.926,-49.727,-49.769,-49.2,-52,-54,-52.707,-50.39,-49.588,-51.257,-48.878,-48.362,-47.916,-47.271,-47.126,-51.516,-49.733,-47.905,-50.218,-52.657,-55.096,-58.214,-61.847,-60.785,-61.714,-59.894,-59.027,-59.237,-59.447,-60.469,-61.76,-64.282,-62.773,-58.932
-49.051,-47.982,-47.367,-47.571,-48.884,-49.167,-50.129,-50.636,-50.254,-49.132,-47.964,-47.605,-48.571,-48.25,-46.286,-46.389,-48,-50,-50.271,-48,-47.6,-48.701,-50.786,-51.8,-51,-49.4,-50.5,-52.043,-52.267,-49.694,-47.778,-50.384,-52.805,-53.111,-49.8,-48.919,-51.25,-54.25,-54.483,-52.067,-50.748,-50.474,-53.563,-52.25,-49.35,-47.139,-50.245,-53.14,-52.714,-50.296,-49.307,-52,-54,-53.073,-51.153,-50.927,-51.619,-48.67,-47.352,-46.034,-48.077,-51.477,-54.876,-55.423,-52.407,-51.522,-50.538,-54.655,-58.958,-58.772,-58.058,-58.585,-57.911,-56.535,-58.011,-59.575,-61.138,-62.702,-64.148,-61.88,-58.368
-49.709,-48.4,-48.3,-48.674,-49.784,-49.667,-49.65,-50.5,-50.522,-50.519,-49.361,-48.852,-49.519,-49.306,-49.139,-49.472,-49.111,-50.716,-52.272,-52.88,-52.303,-51.7,-52.75,-52.8,-50.7,-49.5,-51.5,-53.968,-53.271,-51.659,-48.556,-51.722,-55.667,-52.571,-49.787,-48.944,-50.778,-54.647,-58.25,-55.031,-53.719,-52.813,-55.698,-54.203,-51.996,-50.818,-52.867,-54.754,-53.024,-52.444,-50.556,-52.206,-55,-53.752,-52.467,-51.5,-49.967,-48.623,-48.604,-48.584,-51.451,-54.373,-57.232,-57.773,-56.158,-55.862,-59.842,-56.529,-54.342,-54.179,-52.395,-49.32,-55.675,-56.105,-56.737,-57.368,-58,-58.632,-59.552,-59.771,-59.182
-49.538,-49.956,-51.494,-51.612,-51,-50.565,-51,-51.493,-51.466,-51,-49.667,-51.614,-52.052,-49.476,-49.373,-50.615,-50.533,-50.652,-52,-51.838,-52.258,-52.5,-53.567,-53.7,-51.8,-49,-51.353,-54.059,-54.111,-51.54,-50.5,-52.611,-55.667,-52.946,-50.274,-47.603,-49.6,-53.565,-58.929,-57.242,-54.861,-53.652,-56.741,-56.667,-56.127,-53.462,-50.614,-50.104,-49.25,-50.929,-53.73,-54.336,-55.401,-55.75,-56.25,-55.167,-53.45,-51.733,-50.467,-49.651,-48.836,-50.087,-51.369,-52.973,-55.873,-57.545,-54.591,-51.636,-50.362,-50.103,-51.286,-53.347,-54.694,-55.683,-55.982,-56.857,-58.044,-59.231,-60.141,-60.817,-58.727
-49.308,-48.815,-50.739,-52.067,-50.95,-50.5,-51,-52,-51.433,-50.542,-49.302,-48.019,-47.424,-47.625,-48.219,-50.594,-50.267,-50.712,-51.176,-50.431,-51.053,-51.811,-53.2,-52.35,-49.873,-49.267,-51.97,-53.929,-55.606,-57.055,-56.9,-57.5,-56.806,-54.667,-52.13,-49.186,-47.296,-48.852,-54.241,-51.019,-52,-55.361,-58.5,-58.259,-56.714,-53.345,-50.904,-50.351,-52.323,-54.656,-59,-57.946,-57.568,-57.189,-56.682,-55.982,-55.536,-53.966,-51.15,-50.138,-49.118,-48.959,-51.216,-53.533,-55.849,-57.939,-58.915,-57,-54.746,-53.877,-55.732,-59.263,-56.083,-53.7,-57.44,-57.843,-57.746,-58.666,-60.2,-61.2,-59.986
-47.714,-48.05,-50.063,-52.013,-50.95,-50.5,-51,-51.926,-51.702,-50.468,-48.568,-47.152,-47.524,-47.839,-48.72,-50.442,-51.248,-50.848,-51.24,-50.394,-51,-51.811,-53.2,-52.35,-49.5,-49.353,-52.5,-55.5,-57.2,-53.921,-54.581,-57.217,-56.908,-54.889,-52.533,-49.467,-49.059,-50.25,-60,-51.019,-51.091,-53.579,-57.547,-56.321,-55.15,-53.714,-53.286,-51.973,-50.344,-50.238,-53.79,-56.042,-55.388,-55.975,-57.734,-59.057,-58.94,-54.702,-51.78,-51.034,-50.288,-49.542,-50.161,-53.346,-56.461,-57.721,-57.488,-57.631,-57.854,-58.756,-60.677,-62.193,-57.472,-55.074,-54.284,-55.803,-57.328,-58.809,-60.142,-60.78,-60.9
-47.714,-47.771,-49.943,-51.76,-50.44,-50.455,-51.329,-51.972,-51.455,-50,-48.363,-47.992,-49.093,-49.613,-49.408,-50.4,-50.4,-50.983,-51.8,-50.6,-50.735,-51.571,-53.218,-52.432,-49.432,-49.267,-52.2,-55.479,-57.164,-54.6,-51.222,-55.516,-56.986,-54.928,-52.627,-50.321,-51.782,-55.803,-59,-51.5,-51.218,-53.93,-57.843,-56.482,-53.928,-54.456,-58.375,-54.362,-54.472,-52.163,-53.222,-54.591,-54.803,-56,-57.852,-58.873,-59.378,-57.003,-54.139,-52.322,-51.576,-50.831,-50.085,-51.359,-52.62,-52.646,-53.108,-53.57,-54.222,-55.333,-52.485,-53.393,-58.462,-55.977,-55.138,-56.353,-57.658,-58.963,-60,-60.25,-60.5
-48.16,-49.104,-49.739,-51.739,-51.255,-50.455,-51.327,-51.256,-51.085,-50.364,-48.816,-50.903,-52.385,-52.966,-52.897,-50.4,-50.32,-50.811,-51.72,-50.52,-50.584,-51.107,-52.3,-52.714,-49.432,-49.25,-52.636,-55.756,-55.433,-54,-51.222,-55.516,-56.895,-54.922,-52.831,-51.076,-53.655,-56.616,-56.511,-51.591,-51.788,-55.5,-58.3,-58.449,-56.289,-54.056,-56.636,-56.583,-55.475,-54.08,-53.222,-54.551,-54.489,-55.508,-57.179,-58.24,-59.569,-57.886,-55.638,-53.444,-52.043,-50.769,-49.538,-49.721,-49.206,-48.186,-49.753,-51.825,-53.897,-55.333,-53.036,-54.928,-59.077,-50.066,-52.648,-53.76,-56.203,-57.722,-59.241,-60,-60.222
-49.392,-49.285,-49.591,-51.291,-50.364,-50.455,-50.728,-50.383,-50.25,-50.364,-49.444,-48.93,-51.147,-53.338,-53.014,-49.84,-49.8,-50.371,-51.327,-50.596,-50.774,-51.282,-52.182,-53.545,-49.667,-49.25,-51.946,-53.431,-54.231,-54.2,-51.222,-54.822,-57.034,-55.168,-52.75,-51.483,-53.897,-56.836,-59.632,-57,-51.547,-55,-58.594,-59.363,-56.867,-54.097,-56.989,-56.269,-54.746,-53.603,-52.064,-53.127,-51.83,-55.071,-54.75,-58.774,-58.753,-56.632,-55.053,-53.474,-52.212,-51.615,-50.332,-49.113,-48.724,-48.332,-48.249,-50.306,-52.363,-55.883,-54.542,-53.596,-56.596,-51.737,-48.046,-49.617,-51.349,-52.909,-57.143,-60,-60
-49.338,-49.281,-49,-51.016,-50.182,-50.455,-51.327,-51.915,-51.857,-50.689,-48.849,-48.597,-52.439,-53.209,-52.821,-49.8,-49.657,-49.733,-50.499,-51.217,-51.241,-51.376,-52.233,-53.6,-51.625,-49.625,-52.442,-55.449,-55.656,-53.667,-50.659,-54.8,-57.119,-55.597,-53.288,-52.733,-55,-57.774,-59.027,-57,-51.083,-55.417,-57.204,-58.466,-61.553,-61.538,-60.867,-60.343,-57.14,-53.726,-50.145,-49.13,-51.368,-53.6,-55.232,-59,-57.343,-55.674,-54.004,-53.421,-53.334,-53.225,-53.116,-52.326,-48.931,-49.713,-52.243,-54.772,-52.284,-52.463,-54.538,-54.298,-53.149,-53.559,-54.159,-51.652,-49.23,-51.757,-56.943,-59.92,-59.8
-49.827,-49.5,-49.105,-49.526,-49.955,-50.455,-51.327,-51.729,-51.571,-50.417,-48.083,-48.662,-48.569,-48.8,-50,-51.2,-50.867,-49.817,-50.247,-50.988,-51.728,-52.083,-52.422,-53.608,-52,-50.727,-53.018,-56.156,-57.5,-54.5,-50.5,-54.593,-57.119,-55.597,-53.325,-52.733,-55,-57.929,-58.021,-53.048,-50.127,-54.333,-59.25,-60.85,-62.112,-61.778,-61.036,-60.993,-58.719,-56.201,-52.423,-49.695,-50.174,-52.522,-55.409,-59.076,-57.924,-58.741,-60.288,-61.835,-63.382,-64.929,-64.262,-57.952,-51.959,-48.871,-49.994,-48.569,-48.528,-49.955,-51.603,-53.221,-54.027,-56.305,-57.484,-56.226,-53.236,-54.08,-57.365,-59.469,-59.333
-49.864,-49.5,-49.545,-50.645,-50.415,-50.615,-51.545,-51.759,-51.376,-50.701,-50.037,-51.5,-53.115,-53.687,-53.247,-52.488,-52.267,-51.8,-50.8,-51.556,-52.311,-52.683,-53.329,-53.543,-52.151,-50.755,-53.248,-56.394,-57.593,-55,-51,-54.2,-55,-55,-53.255,-52.664,-52.964,-55.857,-57.409,-53.5,-54.261,-55.021,-59.35,-59.6,-56.667,-54.7,-58.697,-58.546,-58.431,-56.092,-54.821,-54.713,-54.591,-54.425,-55.818,-59.291,-57.601,-56.888,-57.256,-57.625,-57.994,-61.011,-64.074,-61.144,-55.746,-50.348,-48.828,-48.419,-50.964,-54.971,-54.074,-53.841,-53.818,-54.521,-56.877,-56.912,-55.923,-54.567,-57.49,-59.088,-59
-49.864,-49.5,-49.547,-51.947,-52.5,-52.105,-51.475,-51.709,-51.519,-50.075,-49.294,-52,-54,-53.5,-53,-52.481,-51.279,-51.211,-50.8,-51.385,-52.277,-52.683,-53.34,-53.48,-51.667,-50.327,-52.662,-56.255,-57.982,-57.296,-54.909,-57.037,-57.5,-55.5,-53.5,-51.382,-49.626,-52.717,-55.766,-56.725,-51.627,-53.444,-58.667,-63.083,-64.043,-60.583,-61.12,-59.976,-58.206,-56.359,-54.921,-54.915,-54.333,-52.637,-52.929,-58.302,-57.006,-54.587,-55.827,-57.067,-57.731,-58.344,-62.344,-62.832,-57.292,-51.478,-50.958,-55.276,-56.359,-55.29,-54.837,-55.072,-54.669,-53.974,-56.222,-57.396,-55.787,-55.614,-54.914,-55.714,-60.727
-49.939,-51.133,-51.4,-51.667,-50,-51,-51.5,-51.265,-50.71,-48.903,-49,-52.556,-53.737,-53.632,-53.526,-53.364,-52.982,-52.4,-50.8,-51.639,-52.119,-52.812,-53.316,-53.48,-52,-51,-53.364,-56.575,-56.9,-53.818,-51.242,-55.013,-58.158,-56.441,-54.853,-53.367,-50.837,-53.324,-54.66,-51.778,-51.034,-53.12,-58.06,-60.624,-63.722,-57.426,-59.194,-58.909,-56.458,-54.963,-53.571,-52.369,-53.885,-51.879,-54.162,-56.127,-56.45,-53.717,-54.234,-55.295,-56.557,-57.725,-58.239,-63.5,-58.25,-53,-54,-58.384,-58.163,-58.325,-57.67,-57.498,-58.721,-56.695,-56.147,-55.911,-55.154,-55.86,-56.5,-55.67,-53.75
-50.962,-50.122,-51.194,-52.194,-50.185,-54.2,-52.374,-51.355,-51.439,-50.5,-50.484,-54.556,-53.7,-53.545,-53.444,-54.636,-55.5,-54.691,-53,-52,-53.333,-52.9,-53.5,-53.7,-53.5,-52.158,-53.756,-56.667,-58.111,-56.805,-55.5,-58.974,-56.312,-53.721,-57.211,-57.2,-57.897,-59.778,-54.145,-51.205,-52,-52.741,-56.35,-61.2,-59.833,-57.033,-58.093,-57.508,-56.525,-54.733,-53.857,-51.833,-50.421,-51.545,-52.565,-56.641,-56.091,-54.091,-54.265,-55.255,-56.245,-57.235,-58.224,-58.25,-58.458,-57.8,-56,-54.536,-60.485,-60.733,-60.826,-61.199,-61.689,-60.555,-58.598,-57.403,-57.631,-57.6,-58.37,-58.098,-56.909
-52.359,-52.292,-52.225,-52.372,-51.835,-51.417,-50.929,-50.38,-50.398,-49.517,-50.935,-52.138,-52.454,-52.021,-51.054,-51.269,-51.484,-51.699,-51.912,-52.109,-52.452,-51.372,-52.375,-51,-54.1,-55.342,-55.502,-55.525,-55.116,-55.61,-55.831,-55.847,-55.864,-55.825,-55.618,-55.255,-55.657,-56.6,-53.639,-52,-53.765,-53.09,-53.247,-53.36,-53.474,-53.696,-54.541,-55.386,-56.083,-55.304,-53.539,-52.583,-50.923,-49.727,-50.577,-53.638,-53.389,-53.771,-53.812,-53.854,-53.896,-53.937,-53.979,-54.009,-54.028,-54.1,-53.75,-54.125,-56.541,-56.484,-56.225,-55.965,-55.715,-55.491,-55.717,-57.113,-58.545,-59.977,-60.453,-60.049,-60.979
-48.978,-48.975,-48.956,-48.891,-48.825,-48.759,-48.694,-48.628,-48.562,-48.2,-48.338,-48.476,-48.614,-48.752,-48.89,-49.028,-49.189,-49.469,-49.749,-50.028,-50.308,-50.587,-50.867,-51.147,-50.198,-50.57,-50.941,-51.313,-51.684,-52.055,-52.427,-52.798,-53.17,-53.95,-54.907,-54.765,-54.531,-53.884,-52.502,-52.404,-52.312,-52.395,-52.549,-52.73,-52.91,-53.091,-53.271,-53.452,-53.632,-53.813,-53.993,-54.174,-53.304,-50.775,-50.862,-50.948,-51.035,-51.121,-51.208,-51.294,-51.381,-51.468,-51.99,-52.559,-53.128,-53.099,-53.323,-53.547,-53.736,-53.916,-54.096,-54.276,-54.456,-54.637,-53.633,-54.269,-54.986,-55.794,-56.356,-56.766,-56.71
-48.799,-48.797,-48.752,-48.687,-48.621,-48.555,-48.489,-48.424,-48.358,-48.292,-48.321,-49,-49.138,-49.276,-49.414,-49.552,-49.69,-49.828,-49.966,-50.103,-50.241,-50.379,-50.524,-50.803,-50.888,-50.089,-49.308,-48.526,-48.497,-49.454,-50.412,-51.369,-52.326,-53.283,-54.24,-55.197,-55.87,-54.824,-53.621,-53.685,-53.692,-53.698,-53.704,-53.883,-54.064,-54.244,-54.425,-54.605,-54.786,-54.966,-55.147,-53.385,-50.089,-50.176,-50.263,-50.349,-50.436,-50.522,-50.645,-51.214,-51.783,-52.352,-52.921,-52.639,-52.863,-53.087,-53.279,-53.459,-53.639,-53.819,-53.999,-54.18,-54.36,-54.54,-54.117,-54.752,-55.387,-56.023,-56.606,-56.943,-56.548
