0.000000000000000000e+00,0.000000000000000000e+00,0.000000000000000000e+00,0.000000000000000000e+00,-1.048526368706775713e+01,-1.173064868419482920e+01,-1.380616521645065120e+01,-1.808393428576195561e+01,-2.037207569391002693e+01,-1.076699820070136759e+01,-1.071332625694974183e+01,-1.298032085568606853e+01,-1.224058326725147694e+01,-9.069971482589449963e+00,-1.781543917043030945e+01,-1.759402268516490153e+01,-1.722907628821324622e+01,-1.709972900974715770e+01,-1.718101072474493307e+01,-1.744795130818487294e+01,-1.787558063504527794e+01,-1.843892858030445225e+01,-1.910307925866921153e+01,-1.977915298081020623e+01,-2.044870037896054882e+01,-2.110851454244637893e+01,-2.175538856059382198e+01,-2.238611552272901761e+01,-2.299748851817808415e+01,-2.361931802214256848e+01,-2.477468378755112965e+01,-2.652874961899258821e+01,-2.872874463243039500e+01,-3.122189794382800798e+01,-3.385543866914888156e+01,-3.647650830294166724e+01,-3.894604304703355524e+01,-4.121590593038284567e+01,-4.326486402437969758e+01,-4.507168440041422741e+01,-4.661513412987658711e+01,-4.787398028415695705e+01,-4.882698993464549631e+01,-4.945293015273229287e+01,-4.529142960416660912e+01,-4.646755476557567022e+01,-4.875491840939080390e+01,-4.618008499907945463e+01,-5.028258868505162127e+01,-5.502998943727578052e+01,-4.938455361099010332e+01,-4.296734739188588748e+01,-4.467596281478226672e+01,-4.800333501209755838e+01,-4.852423750135212543e+01,0.000000000000000000e+00,0.000000000000000000e+00,0.000000000000000000e+00,0.000000000000000000e+00,0.000000000000000000e+00
0.000000000000000000e+00,0.000000000000000000e+00,0.000000000000000000e+00,-4.684257544068879398e+00,-9.969186728205821524e+00,-3.937726111973173015e+00,-5.533013954024077918e+00,-1.219968168557014110e+01,-1.014453084732797805e+01,-1.125709708121111952e+01,-1.052103724072952140e+01,-1.082177284276987095e+01,-1.162070080808992145e+01,-6.356749104089907121e+00,-9.844144904886007907e+00,-1.545263775000652018e+01,-1.553519643434416153e+01,-1.496747563581487483e+01,-1.420883221639566152e+01,-1.304734194601623898e+01,-1.170716232427300341e+01,-1.024070449865488897e+01,-8.696445082207635124e+00,-7.122860687976942273e+00,-5.568427929008530342e+00,-4.081623418348121923e+00,-2.710923769041436060e+00,-1.504805594134181357e+00,-5.117455066720881796e-01,2.197798802991338674e-01,6.412939537337696283e-01,7.043201005860956210e-01,3.603817078103982441e-01,-4.389978376390486492e-01,-1.742295148807956107e+00,-3.597986838742038174e+00,-6.054549520487024772e+00,-9.160459807088606965e+00,-1.296419431159253222e+01,-1.749743568617656209e+01,-2.273900293068614786e+01,-2.873250307930387493e+01,-3.552959085435762177e+01,-4.343490839549069449e+01,-4.757152374783447613e+01,-4.646039532574484099e+01,-4.838617732489778689e+01,-4.117444129354143456e+01,-4.810562695575485037e+01,-5.124867218906869226e+01,-4.000898472899976355e+01,-4.238937189242864889e+01,-5.370072046831496948e+01,-4.624667763846268542e+01,-4.331535371607293428e+01,-4.248271162982334914e+01,0.000000000000000000e+00,0.000000000000000000e+00,0.000000000000000000e+00,0.000000000000000000e+00
0.000000000000000000e+00,-4.682427775198100939e+00,-4.110900475824601052e+00,-5.109805789027860534e+00,-2.310602420465754037e+00,-2.692443879511967175e+00,-5.824269584329012872e+00,-9.189912294362084566e+00,-7.098786279699354829e+00,-1.030909872397718630e+01,-9.221794641266681580e+00,-9.370082998814966757e+00,-1.201476560274172556e+01,-1.837300795906732276e+01,-1.604881896869785862e+01,-1.187998717354057199e+01,-1.151608115605588445e+01,-1.037268681736838793e+01,-8.934744758029808054e+00,-6.915179167479112543e+00,-4.464922702035404534e+00,-1.734908018017817799e+00,1.123932228254518551e+00,3.960665380462503826e+00,6.619199525456879840e+00,8.808774528111882773e+00,1.039513159704860179e+01,1.133499164837375517e+01,1.158507559819404875e+01,1.110210436261621325e+01,9.842798857746942076e+00,7.763879999692958833e+00,4.397210138603039553e+00,-1.794185316726669921e+00,-1.011148549034014898e+01,-1.959481242521273003e+01,-2.928428816431974369e+01,-3.794160014954368165e+01,-4.441468526235054526e+01,-4.860071812336315134e+01,-5.043255340245525531e+01,-4.984304576950064813e+01,-4.676504989437303550e+01,-2.918403498339019464e+01,-5.038503275326613817e+01,-4.852001267152770936e+01,-4.765076641289142856e+01,-4.015070999276661468e+01,-4.813626567165425740e+01,-5.050610029442396609e+01,-4.014494881559360806e+01,-4.306895580337351248e+01,-4.663815401952908246e+01,-4.801749792954799290e+01,-4.452004038287811483e+01,-4.115763695531693855e+01,-4.651214532720147332e+01,0.000000000000000000e+00,0.000000000000000000e+00,0.000000000000000000e+00
0.000000000000000000e+00,-3.541950843708692176e+00,-9.367835464286724090e+00,-3.013118109713869064e+00,-1.011534402425888146e+01,-8.981993864525739113e+00,-8.890256944112641335e+00,-9.426878271443623447e+00,-9.790232653297513465e+00,-1.511515447602948115e+01,-1.015343289070411537e+01,-7.913675041674424371e+00,-1.380949140836750111e+01,-1.221697470535409202e+01,-2.059732021053807571e+01,-1.360147047508993978e+01,-1.041281705134035107e+01,-1.009909518282372964e+01,-9.589562391982179079e+00,-9.286455372702757671e+00,-1.278801203107905238e+01,-1.871933269360895125e+01,-2.552274513141010459e+01,-3.299673731056613946e+01,-4.093979719716060828e+01,-4.915041275727711678e+01,-5.742771898209930725e+01,-6.558071862754422909e+01,-7.341650503012377271e+01,-8.073994968476193890e+01,-8.735592408638258632e+01,-9.306929972990968736e+01,-9.768494811026708646e+01,-1.010077407223788271e+02,-1.028425490611687110e+02,-1.029942446215607532e+02,-1.012676988984788409e+02,-9.746778338684687526e+01,-9.139936958158882874e+01,-8.286977697742969440e+01,-7.232398812113213182e+01,-6.015781054671372630e+01,-4.489051245927910117e+01,-5.359236070493294335e+01,-4.205479549597514222e+01,-4.488400824716053705e+01,-4.591686772180587184e+01,-4.375634585368188567e+01,-4.855339661316123312e+01,-5.266563024486422506e+01,-4.745366238328259811e+01,-4.994661830767423538e+01,-5.903896193895700151e+01,-4.706068325304262601e+01,-4.113394051807429719e+01,-4.512928344550330451e+01,-4.920102003860046835e+01,0.000000000000000000e+00,0.000000000000000000e+00,0.000000000000000000e+00
0.000000000000000000e+00,-6.876272239655852658e+00,-7.182715611709851622e+00,-6.008048792911238500e+00,-1.398427387369306629e+01,-1.332543580321670618e+01,-1.630708373284287660e+01,-1.329238831224788697e+01,-1.237425727497833527e+01,-1.738168483659612562e+01,-1.390551759359528816e+01,-1.287173683720730999e+01,-2.322898259526279929e+01,-1.962018556464009578e+01,-2.349575449232570890e+01,-2.083827997679620481e+01,-1.426720512335275970e+01,-1.566474929180999709e+01,-1.768568102232240591e+01,-1.822512059326554379e+01,-1.739582755552212134e+01,-1.548286158340764551e+01,-1.277128235123765521e+01,-9.608658943264146046e+00,-6.647251419604909728e+00,-4.030306491817711390e+00,-1.798667043139659638e+00,6.824043192121265200e-03,1.345323883940513277e+00,2.175989595868418114e+00,2.457978295738711072e+00,2.150447100314278881e+00,1.212553126358006939e+00,-3.965465093672274621e-01,-2.717694690098527932e+00,-6.032061559923806549e+00,-1.064652491740284468e+01,-1.626437497623380324e+01,-2.257575038264938527e+01,-2.903722910467786633e+01,-3.424248334600267185e+01,-3.795414414091016653e+01,-3.870027954541170345e+01,-4.451316790888677843e+01,-4.600659718029392309e+01,-4.747835524361281756e+01,-5.122726121743855998e+01,-4.252443692714627588e+01,-5.083439186562583956e+01,-4.690094466902648662e+01,-4.665942554830394329e+01,-4.554467589486588253e+01,-3.177498317707240005e+01,-4.457197174052944888e+01,-4.100095666107738168e+01,-3.657743578111844585e+01,-5.343835178926537566e+01,0.000000000000000000e+00,0.000000000000000000e+00,0.000000000000000000e+00
-1.049774476430956227e+01,-1.064427922288686901e+01,-7.153250538873745512e+00,-5.120755831535423575e+00,-7.730403156541451715e+00,-9.368748983060443791e+00,-1.613483814907289826e+01,-1.020297983569949629e+01,-1.743517632072919099e+01,-2.065646774535150598e+01,-1.837772765142538844e+01,-1.358304466204412186e+01,-1.459575125233716797e+01,-2.403556552579582828e+01,-1.642646148322083377e+01,-2.327420127080234380e+01,-1.922221825048605837e+01,-2.221319599224684893e+01,-2.735719454804787532e+01,-3.077066054396831873e+01,-3.252507458958540099e+01,-3.290549635921462368e+01,-3.219698552717149909e+01,-3.090891849333610253e+01,-2.971370911315912977e+01,-2.867476858226536507e+01,-2.783301744910825803e+01,-2.722937626214140039e+01,-2.690476556981821687e+01,-2.690010592059222816e+01,-2.725631786291688385e+01,-2.801432194524574015e+01,-2.921488114818171766e+01,-3.083226804129487064e+01,-3.269307810460576036e+01,-3.460483701565256354e+01,-3.637507045197337874e+01,-3.781249398149489593e+01,-3.885720914265984050e+01,-3.959013986455194356e+01,-4.009709078389234804e+01,-4.046386653740225370e+01,-4.242952426720770376e+01,-7.591082711200887445e+01,-6.011888742643662198e+01,-4.754481366660611741e+01,-4.577574437748671699e+01,-4.043670055459199375e+01,-4.481572689343684601e+01,-2.773168833104781328e+01,-4.523869609072897191e+01,-4.130365395548338370e+01,-4.298863914699754929e+01,-4.679668726480911545e+01,-4.440246154507540410e+01,-4.688820769417719703e+01,-4.887288768087017843e+01,0.000000000000000000e+00,0.000000000000000000e+00,0.000000000000000000e+00
-1.468163677606364281e+01,-8.624123992990986309e+00,-4.954146630269560703e+00,-4.267226069713681902e+00,-3.601266632832129666e+00,-4.811178570051342973e+00,-7.873708879454170528e+00,-6.404177401113020807e+00,-7.306223553500270640e+00,-1.015228560495096310e+01,-1.176454937916121501e+01,-9.206738414723803388e+00,-6.600695841358271920e+00,-1.636594690493792825e+01,-2.015527617661210513e+01,-1.758629491937538702e+01,-1.899557197341491488e+01,-2.426339710396958438e+01,-3.326676328690848550e+01,-4.152276690036825357e+01,-4.909916028928709864e+01,-5.599805407042544658e+01,-6.222155886054382279e+01,-6.777178527640275263e+01,-7.265084393476251989e+01,-7.686084545238378496e+01,-8.040390044602695241e+01,-8.328211953245239840e+01,-8.549761332842074069e+01,-8.705249245069239805e+01,-8.794886751602784614e+01,-8.818884914118748952e+01,-8.777454794293180385e+01,-8.670807453802140685e+01,-8.499153954321660365e+01,-8.262705357527791250e+01,-7.961672725096583747e+01,-7.596267118704086840e+01,-7.166699600026333883e+01,-6.673181230739386649e+01,-6.116024135644680371e+01,-5.510158530810780064e+01,-4.902232899884804596e+01,-4.215538109528749544e+01,-5.300444620041550792e+01,-4.168779020927743773e+01,-4.676034551865238598e+01,-5.381303124930891357e+01,-4.200927949122297633e+01,-6.109557698766960243e+01,-4.622041143829713405e+01,-4.084532069160325563e+01,-4.188511348382573374e+01,-4.024208653826984516e+01,-4.352050577664707021e+01,-4.838627673803843976e+01,-4.521411542218015001e+01,0.000000000000000000e+00,0.000000000000000000e+00,0.000000000000000000e+00
-1.847400411737873682e+01,-5.336183038505365239e+00,-4.200744138788780724e+00,-3.342218042136203326e+00,-2.041174083812192119e+00,-5.245071820683730124e+00,-5.094789340684385159e+00,-4.873412724929860218e+00,-5.123835053010656893e+00,-4.834851266974553141e+00,-7.471209077515098329e+00,-7.946679973507139394e+00,-1.236413233711483350e+01,-1.592548523371421787e+01,-1.447340205416631420e+01,-2.522101687524484603e+01,-1.930442101276826250e+01,-2.479077024741021162e+01,-3.329573456089638483e+01,-4.175862364253173098e+01,-4.960613158398717815e+01,-5.682945887783125016e+01,-6.339091138169894890e+01,-6.928041841336836626e+01,-7.450009058959984998e+01,-7.905203852715401069e+01,-8.293837284279119615e+01,-8.616120415327196724e+01,-8.872264307535674277e+01,-9.062480022580601258e+01,-9.186978622138026651e+01,-9.245971167883996600e+01,-9.239668721494548720e+01,-9.168282344645739101e+01,-9.032023099013622414e+01,-8.835556557488453677e+01,-8.591629628240315242e+01,-8.305587187059633436e+01,-7.982437357784101550e+01,-7.704534278455790286e+01,-7.411836548664687996e+01,-7.418867893435766803e+01,-6.764701984185066408e+01,-5.388578250256851021e+01,-4.887163702241239349e+01,-4.434540377814310830e+01,-4.927216347836948529e+01,-4.832159071475300038e+01,-4.826401693071645127e+01,-4.660792830535886822e+01,-4.325496679826728297e+01,-4.288134551924488136e+01,-4.207498047412578046e+01,-3.959367556348858130e+01,-5.134750083678221699e+01,-5.189678693805287679e+01,-7.368766931909121354e+01,-7.074911792746873118e+01,0.000000000000000000e+00,0.000000000000000000e+00
-2.186633335938216760e+01,-3.403421330085456109e+00,-6.988284574215183120e+00,-8.726941166983321452e+00,-4.770589778736844977e+00,-7.237707235053024490e+00,-5.167801659236634038e+00,-6.509721446190837923e+00,-6.803249519475156326e+00,-1.049355279465200397e+01,-9.798479959247888615e+00,-1.077770142620105887e+01,-1.327913942961299298e+01,-1.884733579904869316e+01,-1.633811967685377553e+01,-1.929613921469192661e+01,-2.389030800520317044e+01,-2.610386829364146877e+01,-3.353475368950171287e+01,-4.205229400166501819e+01,-4.995260934554185894e+01,-5.722905733973518494e+01,-6.387499560284802413e+01,-6.988378175348343291e+01,-7.524876315639605195e+01,-7.995622567261196423e+01,-8.399940746897215149e+01,-8.738041916223711780e+01,-9.010137136916725353e+01,-9.216989558031612262e+01,-9.364493984009666860e+01,-9.458213838463886702e+01,-9.503157245231957972e+01,-9.504332328151602383e+01,-9.466747211060511802e+01,-9.395410017796383784e+01,-9.356423053271190327e+01,-9.391389029651203657e+01,-9.264204773752337019e+01,-9.726455719114478882e+01,-1.021178215858843998e+02,-1.001126516378557767e+02,-9.015516362751938573e+01,-7.021949052022856108e+01,-4.364287445611829952e+01,-4.843830224480272051e+01,-5.935799284674617837e+01,-4.506075816378441345e+01,-4.854619372306878944e+01,-5.171891162336365966e+01,-5.550556375423645505e+01,-4.550833417841953121e+01,-3.974873307049056592e+01,-4.144058107898404586e+01,-4.643544146608776657e+01,-4.800501900222409546e+01,-3.891263330923452912e+01,-7.800034928224050645e+01,0.000000000000000000e+00,0.000000000000000000e+00
-2.485011107320122647e+01,-1.766602243536392169e+00,-7.524887668512317163e+00,-1.522213967468907470e+01,-1.285979898436830382e+01,-1.043330980755116855e+01,-1.023635878596709148e+01,-6.704683989144792022e+00,-9.196718430413055145e+00,-1.119990271838198481e+01,-1.133944739697915693e+01,-1.357576452202608053e+01,-9.840206372573288007e+00,-1.357520664693661416e+01,-2.226966499384673526e+01,-1.986033644157595290e+01,-2.513126163199341789e+01,-2.815445572477930369e+01,-3.368228116984401055e+01,-4.218221155349069562e+01,-5.006307314074437187e+01,-5.731822355020799620e+01,-6.394102040048456814e+01,-6.992482131017716540e+01,-7.526298389788884435e+01,-7.994893568849221310e+01,-8.401531730637981354e+01,-8.752732508987013205e+01,-9.053504027734010151e+01,-9.308854410716675432e+01,-9.523791781772719389e+01,-9.703324264739832472e+01,-9.852459983455719339e+01,-1.001537543435001112e+02,-1.031028962822099118e+02,-1.056894096626228219e+02,-1.060688113127491619e+02,-1.127169996725087344e+02,-1.235297934360909267e+02,-1.317267331316244565e+02,-1.333582505701015464e+02,-1.273949540199368329e+02,-1.128074517495450380e+02,-8.856635202734075563e+01,-5.047475140619270917e+01,-4.368484864690945102e+01,-5.751348206820172493e+01,-4.845028063631753668e+01,-4.397200445578368289e+01,-3.787550670418584531e+01,-5.517340939692030588e+01,-4.553791165025526766e+01,-4.223060382135118118e+01,-5.251504386059383478e+01,-5.449872719934754883e+01,-4.102497346735123074e+01,-1.589187459352825549e+01,-8.500461263194836192e+01,0.000000000000000000e+00,0.000000000000000000e+00
-2.741682382996322431e+01,-4.191391182944614879e-01,-6.468092643231283745e+00,-1.968388411506502678e+01,-2.053856506241791990e+01,-1.649142621971503075e+01,-1.498154174827508101e+01,-1.255288002058335195e+01,-1.269313851651119052e+01,-1.186883637844399786e+01,-1.154755975951734115e+01,-1.605780047352456918e+01,-1.787213339093106512e+01,-1.336049779739687615e+01,-1.711916626665803420e+01,-2.095661768883980614e+01,-2.615259627666379316e+01,-3.077216850957462668e+01,-3.342411231069741717e+01,-4.183417160678295232e+01,-4.962331827836889175e+01,-5.678490994405822789e+01,-6.331230422245398159e+01,-6.919885873215923766e+01,-7.445567016860849208e+01,-7.922050475869247066e+01,-8.356468111035118795e+01,-8.753828046196173318e+01,-9.119138405190101082e+01,-9.457407311854618115e+01,-9.796824622723804055e+01,-1.024629163380896557e+02,-1.081182728786588143e+02,-1.124286622163748177e+02,-1.144583736293451608e+02,-1.230698692288870006e+02,-1.366237355819314985e+02,-1.513560684993734640e+02,-1.619323897497739324e+02,-1.663007928167840248e+02,-1.634318859688183352e+02,-1.522962774742915144e+02,-1.318645756016184407e+02,-1.011073886192134950e+02,-7.998595078284679971e+01,-5.513440040822779764e+01,-5.260027825204757335e+01,-5.335410110677971574e+01,-5.213579948942606990e+01,-5.747285003279092308e+01,-5.104573752513358187e+01,-5.051263800632986545e+01,-4.673162046635700761e+01,-4.467215376160201146e+01,-5.775508252392307895e+01,-3.894454623100364898e+01,4.216311017559720042e+00,-8.927588204119915360e+01,0.000000000000000000e+00,0.000000000000000000e+00
-2.955795820079546488e+01,6.530276224354334413e-01,-3.771073159281017606e+00,-2.220064363404396701e+01,-2.739726112374853173e+01,-2.209090700936474150e+01,-1.939038835702182340e+01,-1.654882442515926755e+01,-1.610284403911926532e+01,-1.361334810642155801e+01,-1.213492487072420190e+01,-1.520766655077711960e+01,-1.872291267059654629e+01,-1.656737487638255901e+00,-7.732702299896543785e+00,-1.864447735919835125e+01,-2.799901455622784141e+01,-3.355779941875735517e+01,-3.244604242083618573e+01,-4.069396947031596312e+01,-4.831914006718960763e+01,-5.531491183006009038e+01,-6.167464237753047485e+01,-6.749818403279790857e+01,-7.298261178514466962e+01,-7.818009689503830373e+01,-8.314072060085588589e+01,-8.803668186724421219e+01,-9.381297353822051832e+01,-1.006406856836948691e+02,-1.082210965761073851e+02,-1.141884092912524551e+02,-1.178704521043321165e+02,-1.283828832773002659e+02,-1.445861009546707407e+02,-1.628846466847043644e+02,-1.795958665712341258e+02,-1.916517676185289361e+02,-1.978572545560992921e+02,-1.971829356523600154e+02,-1.885994191757256431e+02,-1.710773133946108260e+02,-1.435872265774303855e+02,-1.050997669925988305e+02,-5.458554290853123092e+01,-2.136454266577707628e+01,-4.487399320194848684e+01,-4.609725398512189543e+01,-5.357442358379024228e+01,-6.253639860935297179e+01,-5.966572027046282756e+01,-5.054792001509974142e+01,-3.854519494304427241e+01,-3.577066419499321626e+01,-5.503540662476807199e+01,-4.286620578719603714e+01,2.192395647611571263e+01,-9.300233868653633351e+01,0.000000000000000000e+00,0.000000000000000000e+00
-3.126500075682528745e+01,1.463957555448427650e+00,-2.616575021371351784e-01,-2.286088737755855504e+01,-3.505637098293124154e+01,-2.725664632383823260e+01,-2.337351717512247262e+01,-2.021528149581677525e+01,-1.930466926852447429e+01,-1.523773535726488859e+01,-1.268992132086547109e+01,-1.560010689709515930e+01,-2.168443959610391403e+01,-2.361725899250732041e+01,9.583834654283375443e+00,-6.852737511292564143e+00,-2.509809068897023465e+01,-3.318252549985783872e+01,-3.043386680903444130e+01,-3.844740045286390995e+01,-4.583633381598068723e+01,-5.260911235820117327e+01,-5.903758174773527401e+01,-6.526274285241136397e+01,-7.138803694683704748e+01,-7.818204356592107729e+01,-8.586486753887334089e+01,-9.441442628176164931e+01,-1.034256012592493619e+02,-1.110254122207402219e+02,-1.163647641547309917e+02,-1.287157592347695356e+02,-1.475059565701101576e+02,-1.691398977090135531e+02,-1.900271410525280089e+02,-2.076756655177842674e+02,-2.209971152091017643e+02,-2.289740224748691446e+02,-2.305889196634746270e+02,-2.248243391233068849e+02,-2.106628132027541085e+02,-1.852631545533301960e+02,-1.406467370073578422e+02,-9.247680814425204687e+01,-4.509806975243568417e+01,-4.841705119439234650e+00,-4.000937210229915664e+00,-3.967583313990759564e+01,-4.563702105372229312e+01,-5.279468940406250965e+01,-5.677554008699566879e+01,-4.186938833834622642e+01,-3.253297403657894904e+01,-2.881594848684920152e+01,-4.651057799976223350e+01,-5.269127232411659634e+01,3.739305364978810786e+01,-9.645300942337357242e+01,0.000000000000000000e+00,0.000000000000000000e+00
-3.252943806918003133e+01,2.027710257539626415e+00,2.438283825770239388e-01,-2.175308449154153578e+01,-4.219276798953497831e+01,-3.201353831047331511e+01,-2.693510888786590485e+01,-2.354713961937156341e+01,-2.224575873019440664e+01,-1.670215438483627679e+01,-1.317270536380344303e+01,-1.627313752575158290e+01,-2.092171911029867104e+01,-2.542097540939198197e+01,-2.310334249298319165e+01,1.475802816451247246e+01,-6.176951638665762800e+00,-2.448790842174808446e+01,-2.707338078406638360e+01,-3.478025986320097473e+01,-4.197834044413779964e+01,-4.905128714933510281e+01,-5.659910210450963319e+01,-6.487313129292280678e+01,-7.384904745840466944e+01,-8.353781377825858101e+01,-9.378854826156911884e+01,-1.029964323383226201e+02,-1.100010271975626637e+02,-1.241282145183157155e+02,-1.454430198452704417e+02,-1.703226439375969221e+02,-1.950862376323279079e+02,-2.181327852905078544e+02,-2.384448192605252359e+02,-2.550048718907684986e+02,-2.667954755296261737e+02,-2.715836173719319504e+02,-2.600118817598132068e+02,-2.312692124369396254e+02,-1.907164023666152275e+02,-1.513196493905389559e+02,-1.154368927928558577e+02,-7.971702069072664187e+01,-4.134120051456535094e+01,-5.418795213127366672e+00,7.227778288849153299e+00,-2.642142078157876028e+01,-3.760903103675613579e+01,-5.386004919933674984e+01,-4.795603902771964755e+01,-3.522813809711338706e+01,-3.018229454105679821e+01,-2.378337155366374134e+01,-3.233205902581515545e+01,-6.712559152255904849e+01,4.938823836885585195e+01,-9.943904661195053052e+01,0.000000000000000000e+00,0.000000000000000000e+00
-3.334275670898691146e+01,2.358345305504145450e+00,4.500898839829937659e-01,-1.895503144886383495e+01,-4.545420018751070046e+01,-3.638647711660787110e+01,-3.009979191949571131e+01,-2.653928718263919606e+01,-2.484766981791612395e+01,-1.796676144299800626e+01,-1.361403285657271134e+01,-1.712258515466579212e+01,-2.052357600114874359e+01,-2.357883532756591549e+01,-2.704237013948107915e+01,-2.090613656325296077e+01,1.203134691537177403e+01,-9.990664551415948225e+00,-2.205538355627246361e+01,-3.007120794989093682e+01,-3.865058821155827218e+01,-4.783183746056519681e+01,-5.765326881620230637e+01,-6.815319539776037061e+01,-7.936669891655114384e+01,-9.015823097748402404e+01,-9.883895864984795310e+01,-1.146799665449595693e+02,-1.384570081971724278e+02,-1.660778156010748319e+02,-1.946122730356552211e+02,-2.230222455194608244e+02,-2.502902654008800027e+02,-2.746443584274812793e+02,-2.875295575752285799e+02,-2.864796827671702886e+02,-2.718732575679572392e+02,-2.455027789131652298e+02,-2.111132301542664038e+02,-1.796674586261322304e+02,-1.512230444388586648e+02,-1.255442364789352325e+02,-9.965329077938737612e+01,-7.170649620222847886e+01,-4.160025669371346169e+01,-9.230976200096595363e+00,-6.255240468039501955e+00,-8.779147856694903496e+00,-3.628879567466474043e+01,-5.013294545854688522e+01,-4.128942850503009510e+01,-3.619266045667495035e+01,-2.926586589388772808e+01,-2.062666755801557983e+01,-1.946185270077947393e+01,-7.897155758344253229e+01,5.728926810861064212e+01,-1.014129693797639078e+02,0.000000000000000000e+00,0.000000000000000000e+00
-3.369644324737333818e+01,2.469922276137106021e+00,5.124425017177716146e-01,-1.458591081124486344e+01,-4.649409712397790173e+01,-4.039898883536090324e+01,-3.288264040254050968e+01,-2.918934693660994384e+01,-2.709180912695942922e+01,-1.899171278561240328e+01,-1.449647642048551432e+01,-1.813203005645620891e+01,-2.046477826688094837e+01,-2.227012499926492950e+01,-2.437717119018113365e+01,-2.657773596793636273e+01,-1.823088676262926811e+01,1.364607037211874818e+00,-1.726063959191225550e+01,-2.724344417675160557e+01,-3.764935603029839228e+01,-4.869953772946962545e+01,-6.043230239355584388e+01,-7.256756947170893568e+01,-8.293827592860779419e+01,-1.004307327317219602e+02,-1.263008969936724810e+02,-1.560860760141915762e+02,-1.883567988213233093e+02,-2.216736569257951999e+02,-2.483912385035812349e+02,-2.656863822637216117e+02,-2.731625457015846337e+02,-2.708094660842781423e+02,-2.590467257233568148e+02,-2.349153998882259771e+02,-2.079175807694310834e+02,-1.836005962501519093e+02,-1.617673269324980652e+02,-1.422206534185800422e+02,-1.246854242253131275e+02,-1.068015837936842445e+02,-8.746199368086554671e+01,-6.656305783311174196e+01,-4.400118019667772273e+01,-1.967276471781782377e+01,-9.434456257017055592e+00,-2.164077328627295316e+01,-4.161090774307866269e+01,-4.872541802950715351e+01,-4.367787827457331673e+01,-3.814098639214584097e+01,-2.972161235740376739e+01,-1.924788572428035138e+01,-1.527594803021381864e+01,-8.309030679748170201e+01,6.057196335207189719e+01,-1.019255966778207920e+02,0.000000000000000000e+00,0.000000000000000000e+00
-3.358198425546660815e+01,2.376500746233610961e+00,4.382006468215365880e-01,-9.193177475704237267e+00,-4.541711508941388331e+01,-4.394210823493638429e+01,-3.529236550434838904e+01,-3.152657460708061521e+01,-2.896525458192822455e+01,-1.973716466654173729e+01,-1.610012995191337737e+01,-1.928505250374126589e+01,-2.072009390572217313e+01,-2.146961242271590820e+01,-2.239933817957643925e+01,-2.391607716242257453e+01,-2.420522876079133567e+01,-1.628283865042448753e+01,-1.252805583447968552e+01,-2.562328786403805481e+01,-3.761117712134988267e+01,-5.028573708257096797e+01,-6.235869645086294355e+01,-8.140597937976725973e+01,-1.082046917957630541e+02,-1.398997920726905591e+02,-1.698252037506880470e+02,-1.948408137491998104e+02,-2.145500795635939824e+02,-2.285564586892391503e+02,-2.365613599853383278e+02,-2.375888964883469043e+02,-2.281433379355061106e+02,-2.073833990210220577e+02,-1.872098146112298309e+02,-1.691994226617179038e+02,-1.531551037745965971e+02,-1.388797385519759757e+02,-1.261762075959663179e+02,-1.147551598072564900e+02,-1.030566035088839953e+02,-9.050239672574299732e+01,-7.698894340408816106e+01,-6.241264749017420144e+01,-4.666991293025591858e+01,-2.965714367058772183e+01,-1.127074365742443796e+01,-3.444268045716094662e+01,-4.776498183297758260e+01,-4.946878003562161297e+01,-4.720212443514598277e+01,-4.101104016585802725e+01,-3.148745819393693068e+01,-1.954906775828333920e+01,-1.309859630726382917e+01,-7.706151442457409928e+01,5.908647643975934471e+01,-1.011075897828189341e+02,0.000000000000000000e+00,0.000000000000000000e+00
-3.299086630439397538e+01,2.092140292588789308e+00,2.346787303344811115e-01,-5.319313480238792025e+00,-4.232791037429592507e+01,-4.684502918960009765e+01,-3.733767839226739227e+01,-3.356470757855192488e+01,-3.045508410742641558e+01,-2.028224266118949970e+01,-1.825673268952728989e+01,-2.056523276913939569e+01,-2.126429091589924525e+01,-2.115206559614569670e+01,-2.109855529759349935e+01,-2.151056600636144367e+01,-2.279490370856832016e+01,-2.038813630653675091e+01,-1.626723778595104619e+01,-2.398755562862219648e+01,-3.715993763363439228e+01,-5.655104307398403307e+01,-7.905973252236579185e+01,-1.011712564294216179e+02,-1.224890722905200562e+02,-1.426803212805476733e+02,-1.613040060545876315e+02,-1.776124612705744710e+02,-1.896128132075716337e+02,-1.933942239739157287e+02,-1.851891756750720788e+02,-1.692418362186595857e+02,-1.550702920787824723e+02,-1.425442982599506934e+02,-1.314667353642743421e+02,-1.216404839938638389e+02,-1.128684247508290355e+02,-1.049534382372804941e+02,-9.764814700003191206e+01,-9.031305370025336288e+01,-8.272240911212753645e+01,-7.477261718190924000e+01,-6.636008185585299657e+01,-5.738120708021361338e+01,-4.773239680124576978e+01,-3.731005496520404563e+01,-2.601058551834315224e+01,-3.624988113664981171e+01,-5.042248552720075594e+01,-5.328011206375794018e+01,-5.119765116151619821e+01,-4.474074604014355572e+01,-3.450132766581923249e+01,-2.143225536584977675e+01,-1.262234509621017331e+01,-6.202074952469385494e+01,5.320262579187846796e+01,-9.909159880055096892e+01,0.000000000000000000e+00,0.000000000000000000e+00
-3.191457596528283958e+01,1.630900491997743007e+00,-9.080883670322886791e-02,-5.094773786009187511e+00,-3.733152328865722325e+01,-4.898083115752532279e+01,-3.902729023364562977e+01,-3.530948749575375700e+01,-3.154837562805796836e+01,-2.089504960176356008e+01,-2.039682390095996567e+01,-2.195615112526903800e+01,-2.207124991065886377e+01,-2.129225251778115435e+01,-2.044959054245917685e+01,-1.995095735579188556e+01,-2.020315894389807099e+01,-2.152618769420665146e+01,-1.736628100781442896e+01,-2.136047480471158977e+01,-3.510490829907821109e+01,-5.119032434977685142e+01,-6.886133274209288402e+01,-8.736254326131216885e+01,-1.059385656927206298e+02,-1.238340098216035017e+02,-1.387929165360552020e+02,-1.442515300116513401e+02,-1.368877977690079319e+02,-1.265710718802584154e+02,-1.175793735712091035e+02,-1.097155834439701181e+02,-1.027825821006515667e+02,-9.658325014336375602e+01,-9.092046817421663718e+01,-8.559605093682550603e+01,-8.040958973984305658e+01,-7.536736307194493634e+01,-7.054591872442655642e+01,-6.602180448858368322e+01,-6.180878294184168453e+01,-5.773818706898076414e+01,-5.370135094295788747e+01,-4.959467851002776939e+01,-4.531457371644512477e+01,-4.075744050846455480e+01,-3.581968283234073169e+01,-3.315208899393610409e+01,-5.294358299505034182e+01,-5.706437777142837575e+01,-5.560110886181168866e+01,-4.926802827733443735e+01,-3.870114503538270867e+01,-2.479949025280490105e+01,-1.374923610287808629e+01,-3.920502041527736736e+01,4.313096813082623981e+01,-9.601027383680968796e+01,0.000000000000000000e+00,0.000000000000000000e+00
-3.035516912980256521e+01,1.006840921255600874e+00,-5.309476432513912103e-01,-5.419285499773085490e+00,-3.103200954733497952e+01,-5.022259359688535341e+01,-4.036991219583120483e+01,-3.676665600341611650e+01,-3.223220706842674588e+01,-2.179561635786279794e+01,-2.249432133051590554e+01,-2.344138784474858994e+01,-2.311150857990918439e+01,-2.186494118584911206e+01,-2.042721191240032397e+01,-1.921201920894075954e+01,-1.862616906158921637e+01,-1.907646745646448139e+01,-1.963326203125184222e+01,-1.967423541250362362e+01,-3.038681348278603167e+01,-4.367921329910690531e+01,-5.868028215273328385e+01,-7.463462982895096332e+01,-9.012775144145595618e+01,-9.618689607222071913e+01,-9.089289876271286062e+01,-8.545146640493892676e+01,-8.081741948763011862e+01,-7.679363861289652959e+01,-7.318300438284839515e+01,-6.974465002921679968e+01,-6.617167840305511106e+01,-6.250119600279062837e+01,-5.880975061971885509e+01,-5.517389004513557182e+01,-5.167016207033622521e+01,-4.837511448661655322e+01,-4.536529508527202381e+01,-4.271725165759836784e+01,-4.050753199489111722e+01,-3.881268388844596018e+01,-3.770925512955841441e+01,-3.727379350952413972e+01,-3.754238558265172543e+01,-3.812524220716700540e+01,-3.882397750621501586e+01,-3.953499542605040773e+01,-5.067550906756876827e+01,-5.942975451636095841e+01,-5.958359127447252490e+01,-5.420257990752286759e+01,-4.393685449041891644e+01,-2.955281412497395976e+01,-1.638131103309280689e+01,-1.936048565281668132e+01,2.908184327850547746e+01,-9.199626499738775465e+01,0.000000000000000000e+00,0.000000000000000000e+00
-2.845869778710816433e+01,2.340211571574696281e-01,-1.078423278269837304e+00,-5.871452316220556966e+00,-2.433249784506404012e+01,-5.089158403833211253e+01,-4.137425544617214968e+01,-3.794195474626896925e+01,-3.249365635313672840e+01,-2.320377662558675524e+01,-2.453280525081357766e+01,-2.500452320019651609e+01,-2.436657803035452474e+01,-2.284489959857644692e+01,-2.100618740564378584e+01,-1.926851956403488941e+01,-1.803870205986856945e+01,-1.772354087926360577e+01,-1.872984200833879598e+01,-1.947552464788559945e+01,-2.684527974837238062e+01,-3.733123973677479057e+01,-4.964339939444036531e+01,-5.522640362629046251e+01,-5.335171345770648799e+01,-5.196338019182076806e+01,-5.086479022716513043e+01,-4.964108053195927539e+01,-4.800233749369152747e+01,-4.602433837813390483e+01,-4.378363097658204595e+01,-4.135676308033153248e+01,-3.882028248067800291e+01,-3.625073696891696784e+01,-3.372467433634418654e+01,-3.131864237425513764e+01,-2.910918887394552002e+01,-2.717286162671087268e+01,-2.558620842384685190e+01,-2.442577705664901444e+01,-2.376811531641304143e+01,-2.368977099443448608e+01,-2.426729188200896914e+01,-2.557722577043210421e+01,-2.769612045099947650e+01,-3.070052371500672450e+01,-3.466698335374943696e+01,-3.966116744806706862e+01,-4.600257550281282448e+01,-5.635043816802580352e+01,-6.177351292913720471e+01,-5.836131346406651943e+01,-4.940591217510236532e+01,-3.555744313715202054e+01,-2.042061159267958459e+01,-1.518747095149677762e+01,1.126559105681883288e+01,-8.718222238807778979e+01,0.000000000000000000e+00,0.000000000000000000e+00
-2.646637565409770687e+01,-6.734992235015342388e-01,-1.725921330718377611e+00,-6.358859718119227011e+00,-1.787948913053404709e+01,-5.369250861945234021e+01,-4.204903115201660313e+01,-3.884112536904228818e+01,-3.231980140679178248e+01,-2.531937868190203389e+01,-2.649585593447140042e+01,-2.662913746423122063e+01,-2.582003853461328902e+01,-2.420689575418999340e+01,-2.216128502041642889e+01,-2.009522641930116293e+01,-1.841552593696301798e+01,-1.752898955952077031e+01,-1.784242327309322107e+01,-1.976263306379916074e+01,-2.419584778236844613e+01,-2.847125142607883319e+01,-3.029767348294277696e+01,-3.157144722141470083e+01,-3.218767178811414453e+01,-3.222289497433666128e+01,-3.175366457137789311e+01,-3.085652837053341457e+01,-2.960803416309886060e+01,-2.807344092958177839e+01,-2.629719573310694258e+01,-2.435443358026508776e+01,-2.232231633775640844e+01,-2.027800587228106011e+01,-1.829866405053922307e+01,-1.646145273923105989e+01,-1.484353380505675268e+01,-1.352206911471646933e+01,-1.257422053491037417e+01,-1.214229613779851036e+01,-1.275952275993513219e+01,-1.475387000576777830e+01,-1.832132953345316650e+01,-2.248224678200287485e+01,-2.682532828367543942e+01,-3.129512278615288778e+01,-3.580221227235551851e+01,-4.031424477833358821e+01,-4.479928457202592540e+01,-4.896831055387232823e+01,-5.854457794994399933e+01,-6.070884549019540799e+01,-5.407396233726093726e+01,-4.188752366160107954e+01,-2.576917948746368126e+01,-1.697028945239338782e+01,-1.010744871233089448e+01,-8.170079611467254210e+01,0.000000000000000000e+00,0.000000000000000000e+00
-2.462018396210281068e+01,-1.701660643926290462e+00,-2.466127389556829641e+00,-6.874193294428909695e+00,-1.487258286343256053e+01,-5.071688362792497884e+01,-4.240295048071256900e+01,-3.946990951646600365e+01,-3.188170276710215845e+01,-2.755938333578203370e+01,-2.836705365410776736e+01,-2.829881090947115041e+01,-2.745547036530392049e+01,-2.587828567897263454e+01,-2.375638690343488690e+01,-2.149478683946883706e+01,-1.950026179210130550e+01,-1.817958806635907010e+01,-1.793954196726892292e+01,-1.926539305961883386e+01,-2.213451752061620681e+01,-2.416681789753694432e+01,-2.536346167918097549e+01,-2.580784774801331594e+01,-2.558337498649899189e+01,-2.477344227710302960e+01,-2.346144850229045531e+01,-2.173079254452629883e+01,-1.966539208288055107e+01,-1.734724142116276369e+01,-1.485370860251130054e+01,-1.231811200566875009e+01,-1.000540521386813708e+01,-8.189442541559817101e+00,-7.144077621857446658e+00,-7.143164087874677826e+00,-8.460555572725159124e+00,-1.087963400443794626e+01,-1.359038432570058852e+01,-1.652577900995177984e+01,-1.963697269493013664e+01,-2.287512001837424336e+01,-2.618977739708210706e+01,-2.951597525778331388e+01,-3.282289345408057102e+01,-3.609016705675759340e+01,-3.929743113659804266e+01,-4.242432076438556976e+01,-4.545023232683528391e+01,-4.813610445582697395e+01,-5.003348343017275823e+01,-5.825420395974670384e+01,-5.691217019658613196e+01,-4.739795589110664054e+01,-3.232905642327026641e+01,-2.008351193264542189e+01,-3.120352457812301239e+01,-7.568463628296470347e+01,0.000000000000000000e+00,0.000000000000000000e+00
-2.316210394245513626e+01,-2.836403527321693652e+00,-3.291727043745017234e+00,-7.410138634109422640e+00,-1.426789812257014134e+01,-4.548403820191919067e+01,-4.244472459960819322e+01,-3.982766765867918934e+01,-3.151768550190038809e+01,-2.955420315303237544e+01,-3.012997868234116083e+01,-2.999712380853472737e+01,-2.920029133821510925e+01,-2.746080340308789403e+01,-2.505755948281262491e+01,-2.239733588241600870e+01,-1.988690890692488011e+01,-1.793305486136602056e+01,-1.732293722673484027e+01,-1.996582938744813163e+01,-2.166329308203781423e+01,-2.264915067194485587e+01,-2.280388855212051524e+01,-2.221090560502979727e+01,-2.095360071313773531e+01,-1.911537275890937337e+01,-1.677962062480970928e+01,-1.424578955235685207e+01,-1.213844988303134897e+01,-1.074289236144899995e+01,-1.033297062072346328e+01,-1.111301167426198688e+01,-1.246139527656008816e+01,-1.412574871397380427e+01,-1.605722662424172853e+01,-1.820698364510247202e+01,-2.052617441429463696e+01,-2.296595356955680245e+01,-2.547747574862760445e+01,-2.801188919883244921e+01,-3.052657732708193450e+01,-3.299776310674807434e+01,-3.540508160861465825e+01,-3.772816790346521998e+01,-3.994665706208355971e+01,-4.204018415525325736e+01,-4.398838425375807759e+01,-4.577089242838158611e+01,-4.736734374990756180e+01,-4.866585646522938902e+01,-4.963866164539254555e+01,-4.971009255155761508e+01,-5.589385338212670717e+01,-5.105990504536023877e+01,-3.900971212265409349e+01,-2.442918009807810265e+01,-4.214341885669588095e+01,-6.926639299874693734e+01,0.000000000000000000e+00,0.000000000000000000e+00
-2.233411682648631214e+01,-4.063668296892620546e+00,-4.195405882242740248e+00,-7.959381326120590572e+00,-1.387784817909509805e+01,-3.814315075685740197e+01,-4.218306467605151511e+01,-3.979461671130859202e+01,-3.144764529243300899e+01,-3.128741840627151305e+01,-3.176821129178996728e+01,-3.170765643404040546e+01,-3.073640272840579968e+01,-2.857876694642011017e+01,-2.564009678759330768e+01,-2.232716855695215230e+01,-1.904675855952343611e+01,-1.704438632017011557e+01,-2.019527466622342615e+01,-2.119600591597921024e+01,-2.192653081683352667e+01,-2.190535035934661323e+01,-2.105758707767362381e+01,-1.946689749355196852e+01,-1.793027931946624776e+01,-1.732048132137457230e+01,-1.757097744228523339e+01,-1.823425409430688049e+01,-1.925598069130980861e+01,-2.058731187103260751e+01,-2.216108859082233096e+01,-2.389305680440291368e+01,-2.575302824557881110e+01,-2.771327654070092095e+01,-2.974607531612013389e+01,-3.182369819818734058e+01,-3.391841881325343167e+01,-3.600251078766928714e+01,-3.804824774778580121e+01,-4.002790331995391426e+01,-4.191375113052447432e+01,-4.367806480584833650e+01,-4.529311797227651937e+01,-4.673118425615975724e+01,-4.796453728384906157e+01,-4.896545068169523773e+01,-4.970675371619159222e+01,-5.018564186267766303e+01,-5.039315568423779013e+01,-5.029218120694671512e+01,-4.993309611291687133e+01,-4.951504319987281377e+01,-4.823563414692107898e+01,-5.164655875112224948e+01,-4.382846803356825660e+01,-2.990933565451669551e+01,-3.865846553731002899e+01,-6.257871636781194979e+01,0.000000000000000000e+00,0.000000000000000000e+00
-2.237820384552798103e+01,-5.369395375843959428e+00,-5.169849494009834956e+00,-8.514606959422215127e+00,-1.394980759938152559e+01,-3.074970180215524351e+01,-4.162668187739065928e+01,-3.931372415506859852e+01,-3.189141583479958086e+01,-3.274260936811787559e+01,-3.326533175507265838e+01,-3.323404831137855808e+01,-3.170927266228137142e+01,-2.887940793962322417e+01,-2.515123044843091549e+01,-2.093151649373122325e+01,-1.804381189848001910e+01,-2.207279014385264304e+01,-2.268334510686981176e+01,-2.315303666632249602e+01,-2.304025434718204579e+01,-2.279918430907115834e+01,-2.291135877584973812e+01,-2.333432168605813928e+01,-2.403994397252828463e+01,-2.500009656809212188e+01,-2.618665040558157742e+01,-2.757147641782858472e+01,-2.912644553766508082e+01,-3.082342869792299211e+01,-3.263429683143427695e+01,-3.453092087103085817e+01,-3.648517174954466213e+01,-3.846892039980765077e+01,-4.045403775465172913e+01,-4.241239474690884492e+01,-4.431586230941093163e+01,-4.613631137498990853e+01,-4.784561287647774463e+01,-4.941563774670636633e+01,-5.081825691850767868e+01,-5.202441954136165947e+01,-5.295718227942457901e+01,-5.354100139911779621e+01,-5.372034649839856257e+01,-5.379303244310126786e+01,-5.412363699047131149e+01,-5.422529222778693025e+01,-5.398483502776866771e+01,-5.326722781515396576e+01,-5.154368113846150834e+01,-4.970151955105630748e+01,-4.800532327739068705e+01,-4.574363206878393129e+01,-4.575126531650337824e+01,-3.589427715826108312e+01,-2.695904081805329611e+01,-5.575425649595244693e+01,0.000000000000000000e+00,0.000000000000000000e+00
-2.311679873025648746e+01,-6.739525187380593252e+00,-6.207743468006100329e+00,-9.068501122974129913e+00,-1.398622908699505452e+01,-2.516322418052982002e+01,-4.076787342925977242e+01,-3.837206791456311095e+01,-3.289419459056661310e+01,-3.390335631118986015e+01,-3.460460358399623715e+01,-3.409994006238640907e+01,-3.176613277049580120e+01,-2.800995801335119140e+01,-2.323819209597940016e+01,-1.993528552021994926e+01,-2.471675756381683442e+01,-2.530732572668331670e+01,-2.565055705285094234e+01,-2.507841266037886641e+01,-2.478187190667416573e+01,-2.495294678367657326e+01,-2.551278955275096294e+01,-2.641763432882963514e+01,-2.762429282723216417e+01,-2.908957676327810304e+01,-3.077029785228701542e+01,-3.262326780957844363e+01,-3.460529835047196912e+01,-3.667320119028717329e+01,-3.878388337208654946e+01,-4.089078715958461885e+01,-4.293924559608490910e+01,-4.487372827954465038e+01,-4.663870480792108708e+01,-4.817864477917151333e+01,-4.943801779125316642e+01,-5.036129344212331205e+01,-5.091236714764769289e+01,-5.163055756037709898e+01,-5.267289485940703031e+01,-5.389177516739237461e+01,-5.512132718796052444e+01,-5.613017219709466588e+01,-5.687718753613594913e+01,-5.735484387198953726e+01,-5.755561187156057912e+01,-5.747196220175420933e+01,-5.709636552947559807e+01,-5.640789570656465202e+01,-5.485914184498579260e+01,-5.226251068512374331e+01,-4.896904986817762051e+01,-4.565368281440594700e+01,-4.248526151080125857e+01,-3.928830588717018912e+01,-2.944063118021438541e+01,-4.892566348896106376e+01,-1.106131006405569508e+02,0.000000000000000000e+00
-2.388077206526926233e+01,-8.159998154707407636e+00,-7.301773393191376194e+00,-9.613749405736133014e+00,-1.394922286183978422e+01,-2.321892370117694071e+01,-3.928807159505319646e+01,-3.695672591439608823e+01,-3.359560665544024260e+01,-3.475323950810592777e+01,-3.540163257872524838e+01,-3.395113471220102497e+01,-3.055421468370302662e+01,-2.561764879825798147e+01,-2.233287874394529737e+01,-2.738181961145535581e+01,-2.803651066453716822e+01,-2.778811342349209568e+01,-2.714697987726476924e+01,-2.677484355189649179e+01,-2.678883362488620179e+01,-2.732263828855411703e+01,-2.823791467304689817e+01,-2.948819545999410252e+01,-3.103029236471526886e+01,-3.282101710252998572e+01,-3.481718138875780255e+01,-3.689636956668101675e+01,-3.882610489820152821e+01,-4.054364992975421700e+01,-4.199347425929631328e+01,-4.312004748478511829e+01,-4.399208677165006520e+01,-4.523770736773592915e+01,-4.682839608709596746e+01,-4.861654905238509627e+01,-5.044455637322955965e+01,-5.213618862397154174e+01,-5.366044455403613256e+01,-5.500980876600496572e+01,-5.617676586245968195e+01,-5.715380044598190068e+01,-5.793339711915324131e+01,-5.850804048455535877e+01,-5.887027310648285550e+01,-5.904055957352433381e+01,-5.902268237458830669e+01,-5.879156459236855170e+01,-5.828632780773347122e+01,-5.729165126848352685e+01,-5.629338204015497382e+01,-5.413018136452538442e+01,-5.124927843995345711e+01,-4.763882751259293968e+01,-4.328716464328582703e+01,-3.871380265233621998e+01,-3.313207605310451243e+01,-4.222558745263056323e+01,-8.101845132476081801e+01,0.000000000000000000e+00
-2.464085528874980824e+01,-9.616754701029279317e+00,-8.444624858525450861e+00,-1.014303739666805448e+01,-1.383147451287553586e+01,-2.169367065664500416e+01,-3.696552496192823156e+01,-3.505477607917138272e+01,-3.383282310154967121e+01,-3.526521364328792885e+01,-3.508527719672900247e+01,-3.243486389147646776e+01,-2.769449471938986562e+01,-2.485066312821136947e+01,-2.966616282660580595e+01,-3.017864661439651641e+01,-2.959436608083233367e+01,-2.915501224850191164e+01,-2.877640473500990481e+01,-2.859078458525573652e+01,-2.885840138093600515e+01,-2.970776605756632804e+01,-3.093503183001723755e+01,-3.248399550968761673e+01,-3.398811220013194401e+01,-3.518182404368113225e+01,-3.633613790935912391e+01,-3.798624319550785344e+01,-3.980580573294202651e+01,-4.157377804184076808e+01,-4.328264472478572600e+01,-4.493376577365315683e+01,-4.660966819341608414e+01,-4.831238944916955802e+01,-5.001685262360717843e+01,-5.169798079942279401e+01,-5.333069705931010418e+01,-5.488992448596282259e+01,-5.635058616207466287e+01,-5.768760517033948787e+01,-5.887590459345091887e+01,-5.989040751410271923e+01,-6.070603701498867366e+01,-6.129771617880247447e+01,-6.161798918694621108e+01,-6.154833482131360967e+01,-6.104930312153641125e+01,-6.009112568425351242e+01,-5.864403410610378131e+01,-5.667825998372603635e+01,-5.389354680939715081e+01,-5.265241123014885716e+01,-5.172627342445525045e+01,-4.978435319228545097e+01,-4.585634904378896692e+01,-4.062973376185917829e+01,-3.498360982711448486e+01,-3.583740420869315813e+01,-7.712862378124833640e+01,0.000000000000000000e+00
-2.538298882390300548e+01,-1.109573524955110990e+01,-9.628507057454735119e+00,-1.064905068472971905e+01,-1.362566962906211643e+01,-1.988050224953220990e+01,-3.426898405649945545e+01,-3.271358148724102932e+01,-3.358942420151343100e+01,-3.481942365606973055e+01,-3.330276906866149744e+01,-2.920950884131856284e+01,-2.710271023157365633e+01,-3.127813121587080403e+01,-3.150019423613695935e+01,-3.117857848617552463e+01,-3.101127082676133639e+01,-3.068904418630113540e+01,-3.036131257498942304e+01,-3.028688851075943944e+01,-3.081588401338060024e+01,-3.177830858801831582e+01,-3.316425791567153425e+01,-3.502785449856306599e+01,-3.694661543297426931e+01,-3.897172316239077361e+01,-4.107864638019617587e+01,-4.324285377977395939e+01,-4.543981405450768563e+01,-4.764499589778089472e+01,-4.983386800297716235e+01,-5.198189906348001443e+01,-5.406455777267302665e+01,-5.605731282393966808e+01,-5.793563291066350729e+01,-5.967498672622814126e+01,-6.125084296401706752e+01,-6.263867031741384039e+01,-6.381393747980202846e+01,-6.475211314456512923e+01,-6.542893626003775864e+01,-6.582175794756038556e+01,-6.590223934255944016e+01,-6.564061204167374797e+01,-6.500710764154221977e+01,-6.397195773880363845e+01,-6.250539393009687217e+01,-6.057764781206081750e+01,-5.815895098133424312e+01,-5.521953503455611667e+01,-5.052928100290026237e+01,-4.716672848536477147e+01,-4.483040551214338620e+01,-4.293910014662598229e+01,-4.091160045220233599e+01,-3.816636880465529913e+01,-3.412129103423824716e+01,-3.024862195311174773e+01,-7.137172329281982286e+01,0.000000000000000000e+00
-2.609311309393374145e+01,-1.258288022347777257e+01,-1.081758359305420214e+01,-1.112447485888092302e+01,-1.332449379935935596e+01,-1.825091491121119347e+01,-2.890226071679536801e+01,-3.070285587508166003e+01,-3.280443752221322029e+01,-3.280879364724820135e+01,-3.000711144641796579e+01,-2.870309161258748532e+01,-3.202005910346759521e+01,-3.220113451687359429e+01,-3.244685650025627410e+01,-3.233256440856292357e+01,-3.172579417244607924e+01,-3.098638178968544565e+01,-3.175405443573649933e+01,-3.241778725820953611e+01,-3.231686473961119077e+01,-3.255414416132962430e+01,-3.337319958936210185e+01,-3.471525974179302665e+01,-3.644979954287340007e+01,-3.792552824302418202e+01,-3.887751811518551648e+01,-4.003605821959065025e+01,-4.307226575254655643e+01,-4.739030257846698646e+01,-5.153504385034161572e+01,-5.527579735320225751e+01,-5.858532142805085385e+01,-6.143637441588924020e+01,-6.384301044669290093e+01,-6.594420018277740780e+01,-6.773252915568150456e+01,-6.918346605878868161e+01,-7.027247958548252882e+01,-7.097503842914657923e+01,-7.126661128316435168e+01,-7.112266684091943603e+01,-7.051867379579532269e+01,-6.943010084117561576e+01,-6.784808704636390075e+01,-6.584489736524676573e+01,-6.340825720633784357e+01,-6.050839816627596690e+01,-5.711555184170010335e+01,-5.319994982924895766e+01,-4.665774275310237584e+01,-3.773678610613214346e+01,-3.006686706829603040e+01,-2.531354739954396393e+01,-2.363436792268364783e+01,-2.339016722623910027e+01,-2.277545939896487681e+01,-2.561021143667345967e+01,-5.826829509902204762e+01,0.000000000000000000e+00
-2.675716852204691065e+01,-1.406413004601416361e+01,-1.193885953847836490e+01,-1.151951236840730886e+01,-1.292063261272705432e+01,-1.697202083007407225e+01,-2.537730190973509536e+01,-2.890246296917405289e+01,-3.060380105922656924e+01,-2.972557246048548407e+01,-2.926587882980825128e+01,-3.165618838636154919e+01,-3.242396333538702180e+01,-3.265001279648207344e+01,-3.195110301141597731e+01,-3.203211178167412498e+01,-3.319477604312582741e+01,-3.435661109093272358e+01,-3.426604939427395635e+01,-3.346199441459592094e+01,-3.263098913028009918e+01,-3.214740480374658915e+01,-3.229144191529445607e+01,-3.300046892035367563e+01,-3.420889207495925888e+01,-3.585111763514625949e+01,-3.786155185694961034e+01,-4.006069596476380923e+01,-4.204458185057248443e+01,-4.365822336238854717e+01,-4.476184444503607551e+01,-4.521566904333909775e+01,-4.603106720039663458e+01,-4.841176814273886464e+01,-5.188722848057122405e+01,-5.597817517932578113e+01,-6.004165237917622733e+01,-6.352137397201533275e+01,-6.637862703959687849e+01,-6.858616992292272130e+01,-7.011676096299476058e+01,-7.094315850081488861e+01,-7.103812087738498349e+01,-7.037440643370702276e+01,-6.892477351078285608e+01,-6.671621030733000168e+01,-6.379957216505291484e+01,-6.015086570140966415e+01,-5.579831009547630316e+01,-5.090397777607956442e+01,-4.414321493253816442e+01,-3.537597107968675658e+01,-2.695506509670546080e+01,-1.980001970623749585e+01,-1.478278793470125230e+01,-1.276747332802874269e+01,-1.480707309228093926e+01,-2.090676350468590172e+01,-4.308244017227683287e+01,0.000000000000000000e+00
-2.736109553144738626e+01,-1.552542514036514554e+01,-1.291760017591619913e+01,-1.172887583237398879e+01,-1.237698866839177292e+01,-1.551852334216627582e+01,-2.246075922353204746e+01,-2.633865473658665124e+01,-2.766034430002321898e+01,-2.840524232836817831e+01,-3.037537641796940235e+01,-3.109713808573570404e+01,-3.167835607990353708e+01,-3.276419105862764525e+01,-3.409676791879260804e+01,-3.562039706849886045e+01,-3.618575563145792273e+01,-3.565413029878489226e+01,-3.447226355980725998e+01,-3.298439951377178403e+01,-3.141356604831620203e+01,-3.021678046433379450e+01,-2.969231541044695177e+01,-2.977482541918431735e+01,-3.039871674658090583e+01,-3.149839564867172470e+01,-3.300826838149185960e+01,-3.486274120107627539e+01,-3.699622036346001153e+01,-3.934305069670170951e+01,-4.177967548851859192e+01,-4.413932641551565439e+01,-4.628222742251698207e+01,-4.806860245434662460e+01,-4.935867545582856764e+01,-5.001267037178693187e+01,-4.989772339185179817e+01,-5.028525720005536925e+01,-5.186244772129378333e+01,-5.415002192099910872e+01,-5.666870676460345635e+01,-5.892290955924764972e+01,-6.047800493184612236e+01,-6.126284460180230695e+01,-6.125108733595388344e+01,-6.041639190113849622e+01,-5.873241706419376840e+01,-5.617282159195732305e+01,-5.271126425126688986e+01,-4.832140380896006349e+01,-4.374899615053695356e+01,-3.942898620876894711e+01,-3.396981350979540082e+01,-2.764072568021151000e+01,-2.169286355881498451e+01,-1.820801868710941918e+01,-1.987176077521858986e+01,-2.194324606376754261e+01,-3.305681400648560953e+01,0.000000000000000000e+00
-2.789083454534006989e+01,-1.695270592973562884e+01,-1.367907078755665218e+01,-1.167762243721383797e+01,-1.153968094438999969e+01,-1.387324036479153122e+01,-1.927252697455519126e+01,-2.303603921249659692e+01,-2.573292464860321971e+01,-2.803947069131824321e+01,-3.005993769732173249e+01,-3.183539271460152165e+01,-3.341023952872760105e+01,-3.514979895431540768e+01,-3.639191110196406953e+01,-3.650602992009648062e+01,-3.584416092487948902e+01,-3.456532721363173977e+01,-3.278959828155931433e+01,-3.063759551069064813e+01,-2.831626885901691537e+01,-2.641526381504318266e+01,-2.522881274677149221e+01,-2.469128676006167211e+01,-2.472812203101741346e+01,-2.527226078673547605e+01,-2.626609442036767916e+01,-2.765201432506587054e+01,-2.937241189398185526e+01,-3.136967852026749881e+01,-3.358620559707462405e+01,-3.596438451755504673e+01,-3.844660667486062522e+01,-4.097526346214317527e+01,-4.349274627255454106e+01,-4.594144649924653123e+01,-4.825494476694210277e+01,-5.024887402713351747e+01,-5.176021965579819550e+01,-5.264920559776012965e+01,-5.277605579784336953e+01,-5.206085357982646400e+01,-5.188124885345933990e+01,-5.250692512310381233e+01,-5.340703286639151770e+01,-5.367893260874826922e+01,-5.311093825633565046e+01,-5.167670857599129164e+01,-4.934990233455288688e+01,-4.610729562310875451e+01,-4.294294882680464553e+01,-4.038522929630813962e+01,-3.801831035878583975e+01,-3.559158224212399091e+01,-3.290778281852774967e+01,-2.939638226055612691e+01,-2.726057881739606259e+01,-2.519705538094946462e+01,-2.799166175450595517e+01,0.000000000000000000e+00
-2.833232598692982407e+01,-1.828823832583318776e+01,-1.414853665558868734e+01,-1.129101746511579485e+01,-1.032367481012088462e+01,-1.185450274631033984e+01,-1.601689443969189597e+01,-2.053651981924706860e+01,-2.411252084984678490e+01,-2.719256554490155509e+01,-2.980030241718888462e+01,-3.195175359451916108e+01,-3.382517461537508296e+01,-3.464378002734800788e+01,-3.458901960467845527e+01,-3.378096284257254212e+01,-3.242900595291000343e+01,-3.083922127773549704e+01,-2.914864267614184001e+01,-2.680609875891461513e+01,-2.310374459480343390e+01,-2.015916290676209499e+01,-1.858994462921676316e+01,-1.683242285719034470e+01,-1.607459132262106394e+01,-1.606481155031560704e+01,-1.659638585451031290e+01,-1.761128126489720458e+01,-1.905146481116827673e+01,-2.085890352301559147e+01,-2.297556443013112215e+01,-2.534341456220692024e+01,-2.790442094893499458e+01,-3.060055062000735759e+01,-3.337377060511602167e+01,-3.616606636860900892e+01,-3.891975485582261030e+01,-4.157726215103151191e+01,-4.408097964738762897e+01,-4.637329873804275593e+01,-4.839661081614870852e+01,-5.009330727485734513e+01,-5.140577950732047441e+01,-5.227641890668994762e+01,-5.262786356274986588e+01,-5.215005049777209933e+01,-5.079640988692897707e+01,-4.985006319949389564e+01,-4.842701705741041707e+01,-4.613955765016658717e+01,-4.408144355832281747e+01,-4.251165372140481225e+01,-4.121100425594181615e+01,-3.947159675379341337e+01,-3.692293950120461687e+01,-3.459535072385670418e+01,-3.279692574450394460e+01,-2.917268950776847802e+01,-2.740895593369044292e+01,0.000000000000000000e+00
-2.867151027942155039e+01,-1.931705208386431494e+01,-1.425126306220126438e+01,-1.049432619826883162e+01,-8.654235547773376780e+00,-1.045877164747848376e+01,-1.516035522222463605e+01,-1.908776305294156117e+01,-2.238157833121021767e+01,-2.507814768980292186e+01,-2.764015538693968921e+01,-2.987086587272990457e+01,-3.123122894972313901e+01,-3.191718034387456981e+01,-3.211747910601678768e+01,-3.197178142605262607e+01,-3.154079293041027299e+01,-3.064684221863270608e+01,-2.615859929749382928e+01,-2.079717688764063510e+01,-1.718719273645375623e+01,-1.357787850961723386e+01,-9.785169454701669878e+00,-6.150895206747482469e+00,-6.372154923266469595e+00,-7.122458997417723481e+00,-6.110324691980103751e+00,-5.742713365139860748e+00,-6.306011748483449253e+00,-7.665375922587346125e+00,-9.685961968028005131e+00,-1.216216654277122089e+01,-1.492647383102104897e+01,-1.792072386555905439e+01,-2.108688367607724956e+01,-2.436692029226763978e+01,-2.770280074382226587e+01,-3.103649206043310471e+01,-3.430996127179222555e+01,-3.746517540759164433e+01,-4.044410149752335570e+01,-4.318870657127936141e+01,-4.564095765855173426e+01,-4.774282178903244045e+01,-4.943626599241349595e+01,-5.066325729838697356e+01,-5.136576273664483949e+01,-5.147931310835016916e+01,-5.091440958540700024e+01,-4.935312761719457342e+01,-4.579751078182295032e+01,-4.282004887851350361e+01,-3.984827030339437925e+01,-3.665516788200699949e+01,-3.375157536896863064e+01,-3.288936207308393733e+01,-3.519326506045899094e+01,-3.308262399008920340e+01,-3.061162044331016929e+01,0.000000000000000000e+00
-2.889432784602012561e+01,-1.994773849599439686e+01,-1.391251528958333950e+01,-9.212813918861900930e+00,-6.456628439536440389e+00,-1.310570195697852469e+01,-1.553545427612343488e+01,-1.771823467587651990e+01,-2.023135275826377466e+01,-2.128718283378885801e+01,-2.399818836136855893e+01,-2.720392552987212653e+01,-2.959877386220239259e+01,-3.124611771928206139e+01,-3.243609946377143416e+01,-3.340538725793033592e+01,-3.158916083032447730e+01,-2.769262389181765016e+01,-2.293974959870002905e+01,-1.800845308410568890e+01,-1.347185128199459747e+01,-8.579238374468479478e+00,-3.528647230776117638e+00,1.383610512205240894e+00,5.861223217598326762e+00,9.387821216501498256e+00,8.680598640071018224e+00,4.326420675876933686e+00,2.649707863548684372e+00,2.447452149387121079e+00,2.205696577693074811e+00,1.007052546783453462e+00,-1.013636023918206508e+00,-3.721525214988360197e+00,-6.981771107003476473e+00,-1.065952978054001044e+01,-1.461995731617442296e+01,-1.871960924756689337e+01,-2.285428056313886458e+01,-2.696551626509499044e+01,-3.099528338312729758e+01,-3.488267004139523664e+01,-3.855584853397442657e+01,-4.194454395078794562e+01,-4.497877930758783549e+01,-4.758857762012613790e+01,-4.970396190415492299e+01,-5.125495517542618273e+01,-5.217158044969198016e+01,-5.468265385562508385e+01,-4.745941029627767449e+01,-3.985747952105416658e+01,-3.464531547176484594e+01,-3.057616858223325096e+01,-2.723488150571319011e+01,-2.721031972774215291e+01,-3.062564551891993148e+01,-3.536454340715626188e+01,-3.446317893394847687e+01,0.000000000000000000e+00
-2.898671910993044776e+01,-2.010556284441240393e+01,-1.305755861992387601e+01,-7.371745909083973203e+00,-8.940341926994683774e+00,-1.612971666299211648e+01,-1.646008889631529826e+01,-1.668432612965492012e+01,-1.613810127247155179e+01,-1.684576194403081928e+01,-2.011808311342320366e+01,-2.429208703860343377e+01,-2.826909395845786932e+01,-3.158339190044228317e+01,-3.299845738573418430e+01,-3.275612485626531623e+01,-3.124158901188638993e+01,-2.906943504334912021e+01,-2.629657858882180221e+01,-2.121372951333519552e+01,-1.490446284544385769e+01,-9.114715481252694929e+00,-1.282711993774916959e+00,5.551855584453576853e+00,1.185508333669227810e+01,1.740193782255262533e+01,2.189610740515736609e+01,2.474139773015364341e+01,2.366764619795754498e+01,1.731552201124133816e+01,1.254189874345851763e+01,9.944105303756842318e+00,8.344791560192476254e+00,7.180742801325104452e+00,5.127113196798559258e+00,2.225460303448242527e+00,-1.389371959302310611e+00,-5.582539672029529498e+00,-1.021919891530992253e+01,-1.516450576971992703e+01,-2.024274405412342048e+01,-2.523158820783095990e+01,-3.005253166611963067e+01,-3.463559744474146385e+01,-3.891080855944850470e+01,-4.280818802599281980e+01,-4.625775886012640115e+01,-4.918954407760134018e+01,-5.986172112410798718e+01,-5.907060675974089037e+01,-5.362882035142082060e+01,-4.170024465825369475e+01,-3.157909707396002119e+01,-2.511884754050672441e+01,-2.096677547006980546e+01,-2.098475983871947292e+01,-2.445495520051144211e+01,-3.007422596475608856e+01,-3.653943654076356751e+01,0.000000000000000000e+00
-2.893462449435737938e+01,-1.971579041130730303e+01,-1.161165833541182835e+01,-4.896387451123989543e+00,-2.697538368508611484e+01,-1.967605920897722527e+01,-1.692414784817745144e+01,-1.456409582712014839e+01,-1.290852918726228715e+01,-1.448599940266196739e+01,-1.849734094291098785e+01,-2.332558080089794572e+01,-2.740527231088642068e+01,-3.520531753667363972e+01,-4.280990548497487680e+01,-4.629154843834896127e+01,-4.671223405752868985e+01,-4.445122278555366790e+01,-3.816774349539793576e+01,-2.586789019849383919e+01,-1.550301547026055893e+01,-9.640882799184408825e+00,-8.147011639363835656e+00,-6.025692201316717345e+00,-3.290803755153107524e+00,1.484738033221134224e+01,2.492159753379860732e+01,3.199475162854185584e+01,3.634638284549148324e+01,3.822212515902935337e+01,3.683266981666830731e+01,3.033125950576468455e+01,2.221318200137261201e+01,1.745316425107961678e+01,1.397828267328127438e+01,1.107848309555921062e+01,8.593022836449343060e+00,5.464767732255014110e+00,1.462510590205161165e+00,-3.278904670276660660e+00,-8.624634129766906909e+00,-1.443947528075410602e+01,-2.035405224984580030e+01,-2.607735693536951160e+01,-3.153941235307723900e+01,-3.667024151872109883e+01,-4.139986744805306529e+01,-4.565831315682518010e+01,-7.336880193081411505e+01,-6.116896114341634672e+01,-5.371332321397044041e+01,-4.370910004575797814e+01,-3.213776797653201101e+01,-2.282677124033082450e+01,-1.894055018551756575e+01,-1.992150581840044765e+01,-2.419342991987533864e+01,-3.018679824037350912e+01,-3.935709821399584030e+01,0.000000000000000000e+00
-2.872398442250582207e+01,-1.870368647886803259e+01,-9.500079718236154491e+00,-1.170275308019213512e+01,-2.825227727161683688e+01,-2.408664445929663245e+01,-1.889674601616845706e+01,-1.511341347429423365e+01,-1.508723137389599600e+01,-1.678773128961433514e+01,-1.909035342257702439e+01,-2.175204100950465858e+01,-2.545847725490785862e+01,-2.881322462531414175e+01,-3.946392054636913116e+01,-5.290946444752940181e+01,-5.828108792520420423e+01,-5.357922194691952456e+01,-4.199786618008636907e+01,-2.565509884057874856e+01,-1.293205574358930576e+01,-4.227195528215953679e+00,4.368264123265808152e-01,1.037354684823566853e+00,-1.850220280294182507e+00,-2.941361446576296945e+00,-2.189642519475744287e+00,-1.931276658671864155e+00,2.467425665188786965e+01,3.767147488761818153e+01,4.533158989439628783e+01,4.807777907226727621e+01,4.648796032102345066e+01,4.052380930125772807e+01,3.019180582061751394e+01,2.304805107345684334e+01,1.823912852899055537e+01,1.396978932219640157e+01,9.872976695098712341e+00,5.856272226236450607e+00,1.430613683845767703e+00,-3.891887632954516896e+00,-9.979525817218496186e+00,-1.664505576462163816e+01,-2.323982403042360190e+01,-2.954997144026052780e+01,-3.550552100988439719e+01,-4.224640334158132049e+01,-7.439000545950887044e+01,-5.547783980023469041e+01,-4.475896989104347767e+01,-3.655270172328299338e+01,-3.154387279207553973e+01,-2.246567056369171311e+01,-2.036519069548986849e+01,-2.263105540557073780e+01,-2.727277459298829143e+01,-2.994487183962153765e+01,-3.021568742369113281e+01,0.000000000000000000e+00
-2.817515109980056209e+01,-1.699451632928356659e+01,-7.003228252703634027e+00,-3.928653335402682956e+01,-3.172377485928921814e+01,-2.958934593383684586e+01,-2.233973569302703055e+01,-1.749420301521470122e+01,-1.638427198317611300e+01,-1.631984447419226569e+01,-1.736976576699401420e+01,-1.950445417263593484e+01,-2.201092524766611902e+01,-2.442506611406795969e+01,-2.800193066367284800e+01,-3.641181738323722072e+01,-4.291252840739497998e+01,-4.290512077928189427e+01,-3.630001674375206733e+01,-1.516740053467866289e+01,-1.581782523076940672e+00,8.274988435846916346e+00,1.457548029548102875e+01,1.729703766261065212e+01,1.641700514402104005e+01,1.191272734649745502e+01,4.741376667967047709e+00,-5.032213104334177789e-01,-7.677599945231339262e-01,-2.438691525331024401e+00,-3.159231784331229864e+00,2.051914351397486769e+01,4.263040629904328682e+01,5.032643198211422941e+01,5.091612888516451108e+01,4.556974195281603102e+01,3.492873557981492638e+01,2.519819032891468424e+01,1.899901419909523170e+01,1.401213564289114544e+01,9.120404845347639622e+00,3.945821708885368650e+00,-1.566357047019246718e+00,-7.564751417736150785e+00,-1.442713683533770563e+01,-2.182261113256066665e+01,-2.894995288756996388e+01,-4.533378789407665721e+01,-5.791942104324198226e+01,-3.719337830080366558e+01,-2.526810693127119478e+01,-3.196319683043638094e+01,-2.726331112494468556e+01,-2.626909571244740604e+01,-2.655386902143028394e+01,-2.657268513407510113e+01,-2.638366953334150367e+01,-2.577905228966176310e+01,-2.539271528456670168e+01,0.000000000000000000e+00
-2.690701804461418689e+01,-1.451354524474285057e+01,-2.073337579168195788e+01,-3.887328658523233571e+01,-3.768382228246872501e+01,-4.900117544579783413e+01,-2.512808708241426814e+01,-1.896380854468652188e+01,-1.668254950076217114e+01,-1.579589043810340776e+01,-1.591365172765636693e+01,-1.669640556131490072e+01,-1.791675156073957709e+01,-1.923099078691729957e+01,-2.056529873490779181e+01,-1.415990232859976494e+01,-1.635026733822198608e+01,-2.134419466315155489e+01,-8.161518860038289347e+01,1.342877632134534167e+02,1.101617775300401121e+02,6.306385122342252458e+01,3.959594586097573199e+01,3.998994920595194458e+01,4.174347495011245712e+01,3.948753646519614335e+01,3.350626578937884403e+01,2.408384717417142795e+01,1.237172642463158390e+01,2.400898440869723149e+00,-1.288974278880326008e+00,-2.896102585441682642e+00,-5.549486414133031786e+00,-6.796290997534049083e+00,7.748086820001277353e+00,3.808979133477814116e+01,4.589896102035825010e+01,4.378111541284579999e+01,3.445025686809849930e+01,2.235454739607476071e+01,1.452835039531781369e+01,8.450443433816730021e+00,2.940788510412929213e+00,-2.436394090049589511e+00,-8.116884082726805616e+00,-1.453646118277472432e+01,-2.210839642305936792e+01,-3.365265475830524622e+01,-3.094120179618176536e+01,-2.684256448291017705e+01,-2.774239469876407327e+01,-2.588420826939454855e+01,-2.090577458943671374e+01,-3.479098399844238543e+01,-3.386597360833519588e+01,-3.126853655587857617e+01,-2.746860305356229759e+01,-2.337821606629836779e+01,-2.956614455167126110e+01,0.000000000000000000e+00
-2.483569616998999408e+01,-1.418047502548907524e+01,-4.225021634684751604e+01,-4.094552777317176862e+01,-5.652992427754330151e+01,-5.589677808826906613e+01,-2.903100105146331344e+01,-2.144516472883409364e+01,-1.857451267726453992e+01,-1.708077015654851039e+01,-1.669196453562915394e+01,-1.705262940006506511e+01,-1.736151467452348385e+01,-1.853181835540645039e+01,-2.061752733434145668e+01,-1.220488978984658957e+01,-4.154352210920115418e+00,-1.899261562214075383e+01,-1.716406244216605046e+02,3.230554089267395739e+02,4.384941589662784054e+02,4.043402273817487753e+02,2.964894743943970070e+02,2.049673848764137460e+02,1.333916680985990126e+02,8.475681274139904531e+01,6.205730748526007545e+01,5.765954456440264408e+01,4.968728106132358846e+01,3.760407696715770953e+01,2.178477620891104749e+01,6.514945026544777917e+00,-2.615059375924643437e+00,-4.978658912128339331e+00,-7.976164596633530834e+00,-1.052662023371033762e+01,-1.184704734610889965e+01,-4.028713947824272168e+00,2.051143609482705443e+01,3.096886013779093361e+01,2.563170038989008503e+01,1.296808765355880233e+01,3.160976519783162964e+00,-4.583645165054320181e+00,-1.128689586953449009e+01,-1.738455530881333289e+01,-1.949549111891929343e+01,-3.415116864411653097e+01,-4.105397675011592185e+01,-2.237995627711026358e+01,-2.739693644652119531e+01,-1.440913031501440322e+01,-2.074007364139386667e+01,-3.027676255620475843e+01,-2.553116647269961703e+01,-3.195084318040139237e+01,-2.736720915049673053e+01,-2.392708051387944934e+01,-2.896858435806758791e+01,0.000000000000000000e+00
-2.188645075811692919e+01,-2.825143968717505771e+01,-3.853378681788129967e+01,-4.900805804685091971e+01,-6.631106659608470011e+01,-4.003051564226254300e+01,-2.783153887645689295e+01,-2.709114986680102177e+01,-2.201885590026564898e+01,-2.038919435739513375e+01,-1.976495420418097027e+01,-1.939026105675849365e+01,-2.026742753222286098e+01,-2.259758146701063808e+01,-2.432471364109133560e+01,-2.318873805798732590e+01,-1.793107886507304372e+01,-4.633133269036533619e+01,-2.900882553596940738e+02,1.247526391845645009e+02,7.524689791702094226e+02,8.526668598535486581e+02,8.158489659759140977e+02,6.761880951641322781e+02,5.332500320937303968e+02,4.035802048790483241e+02,2.901731022005332079e+02,1.960232127386302636e+02,1.241250251737865824e+02,7.747302818644736533e+01,5.864593256231762552e+01,4.754801686318692333e+01,3.195355217278369864e+01,1.258286566580344257e+01,-2.644752961810485470e+00,-8.277053968109727933e+00,-1.171105341062149385e+01,-1.457626749795473486e+01,-1.637468603189152816e+01,-1.731609387788434518e+01,-1.362102263160505977e+01,-4.651788521525592746e-01,3.940011340896659497e+00,-4.520348336574877557e+00,-1.677445649294528351e+01,-2.667506373886353188e+01,-3.337239135101647491e+01,-3.755540161323898474e+01,-4.004360217125294952e+01,-2.073020133335663573e+01,-3.354292295589257833e+01,-3.018750002002682820e+01,-2.477598755753924920e+01,-2.435945032327045467e+01,-3.060210407886446760e+01,-3.688686534976284292e+01,-3.389817135446583052e+01,-2.217656603634452850e+01,-2.565727837025979596e+01,0.000000000000000000e+00
-2.261316871863864009e+01,-3.004690491720926460e+01,-3.023173588623254204e+01,-3.768265622090088129e+01,-3.372461635610961395e+01,-2.956550940454926746e+01,-1.820354735639741151e+01,-2.593566209253070198e+01,-2.266739842652130932e+01,-2.387985668826393137e+01,-2.317421563924251871e+01,-2.415860908626063264e+01,-2.667753443948521763e+01,-2.614448894356272390e+01,-2.856885006647392444e+01,-2.869641630713928038e+01,-2.312722224501738566e+01,-8.603852518007437311e+01,-4.187807588211682059e+02,-3.054709429792099513e+02,1.030365651485448097e+03,1.260029059735778219e+03,1.346470256823656200e+03,1.307579324623102366e+03,1.162301765531313322e+03,9.845859395116101496e+02,8.134602124631795732e+02,6.519190730664668081e+02,5.029570100019192296e+02,3.695685119499809730e+02,2.547480675910992431e+02,1.614901656057203638e+02,9.278929467429051670e+01,5.163994347725584788e+01,3.587704988934761019e+01,1.936199742481808173e+01,-5.493984681442791729e-01,-1.213488155342695762e+01,-1.657856277604953732e+01,-1.998635369273001317e+01,-2.169029352691283918e+01,-2.222902729383201503e+01,-2.220803680873920527e+01,-2.074383075869975812e+01,-2.037942250348560336e+01,-3.419346504987328217e+01,-4.338478463807582131e+01,-3.334122680147279283e+01,-3.517855786170482446e+01,-1.544828453121721523e+01,-1.167632085136857967e+01,-1.890530268934660185e+01,-2.795257736610395938e+01,-3.209502538634753677e+01,-3.485982985548285029e+01,-4.199027541416611342e+01,-4.650148711831172221e+01,-3.165901067652876932e+01,-2.254038992316653989e+01,-4.728884401770098123e+01
-1.825391918247067480e+01,-2.670576836819543942e+01,-7.282479175972889962e+00,-2.308630887862459247e+01,-2.832295465756701702e+01,-2.802161977840971474e+01,-2.945000640947781889e+01,-3.332627469195937664e+01,-2.673123622840631697e+01,-3.405259495899896649e+01,-2.455424584469232840e+01,-2.708219842079569162e+01,-3.504981433092173404e+01,-4.022049045156600755e+01,-5.640593170316793703e+01,-3.004321392529302770e+01,-2.009777502493801649e+01,-1.187079058647587573e+02,-5.393491502001884328e+02,-7.320119461790865216e+02,9.861507185096542116e+02,1.611479300009880717e+03,1.816293303362394226e+03,1.889568740824998713e+03,1.849195694271712682e+03,1.713064245576556459e+03,1.519117159128749790e+03,1.323173742849686732e+03,1.130136777337894728e+03,9.430007512738179685e+02,7.647601533379031480e+02,5.984094722105963911e+02,4.469431965723438793e+02,3.133558151035922492e+02,2.006418164847874266e+02,1.117956893963754794e+02,4.981192251880248278e+01,1.768500453251505888e+01,2.636718741822976053e+00,-1.463953020592424537e+01,-2.192748683192511550e+01,-2.639391632504020180e+01,-2.847011096864940427e+01,-2.870783461806587766e+01,-2.771256908854128653e+01,-2.959081458411058563e+01,-3.102504511408417187e+01,-3.238580860124256589e+01,-3.680410408771682285e+01,-1.199011707179285935e+01,-1.026257498808790203e+01,-1.413974400949211940e+01,-2.490168864057049802e+01,-2.046334219820711908e+01,-1.525250853997195222e+01,-2.529184462773421060e+01,-2.555693989774389507e+01,-2.092300078338380231e+01,-2.896547701318694479e+01,-3.912985963846855242e+01
-1.607303817253802691e+01,-4.502303208054546246e+01,-3.021156484167100942e+01,-2.926860371915695680e+01,-2.317788923496978271e+01,-1.866713660539525321e+01,-9.525872636296620399e+00,-2.461959419513286917e+01,-2.242295401744068428e+01,-3.444279904907650547e+01,-3.004488641104926927e+01,-3.495617119581928023e+01,-4.764156590338345154e+01,-7.307795697937059742e+01,-5.457460341071692511e+01,-2.753158704895322728e+01,-1.737486004277475615e+01,-1.502729577207901173e+02,-6.012951159772376286e+02,-1.106272252388517700e+03,4.418129758001747405e+02,1.892070053657296967e+03,2.210370578573566945e+03,2.390926100998452057e+03,2.451626702805969217e+03,2.410362465870139204e+03,2.285023472064979615e+03,2.096985742943833884e+03,1.892862848037258573e+03,1.684968267013503464e+03,1.476296488553015479e+03,1.269842001336241538e+03,1.068599294043627197e+03,8.755628553556193765e+02,6.937271739526636338e+02,5.260867385152062070e+02,3.756360377236928798e+02,2.453695602585715960e+02,1.382817948002860078e+02,5.736723002928381732e+01,5.620354626010888310e+00,-1.541497785764057404e+01,-2.710661971725537356e+01,-3.313579402535886942e+01,-3.060957404739840726e+01,-4.300669309490089631e+01,-3.606270303361647223e+01,-3.459593988701649181e+01,-3.943303292362006829e+01,-2.725550213086759399e+01,-2.652404330914834674e+01,-4.252411888190145817e+01,-2.154945270810632607e+01,-2.251257488104144144e+01,-1.940082327013471897e+01,-1.390985547530224942e+01,-2.529834800679331508e+01,-2.092898118506978022e+01,-2.400895823114172600e+01,-3.518068456731522531e+01
-2.132649951079685025e+01,-3.219722958792080902e+01,-3.318799306547938244e+01,-2.638168009336627051e+01,-2.029213950175223857e+01,-2.420487270037532923e+01,-2.783454621726633960e+01,-2.287600461238524119e+01,-1.799685612639936849e+01,-2.616094284228190858e+01,-2.771128599825543048e+01,-3.854222741563520405e+00,-4.833883073484594917e+01,-6.487774889529998745e+01,-5.061030472824384674e+01,-2.379434678877041875e+01,-2.343774212129772394e+01,-1.855221030344805513e+02,-5.728815207943547421e+02,-1.308267963766552839e+03,-1.674435783673968103e+02,1.902344124115604927e+03,2.513754555438617899e+03,2.796703878124903895e+03,2.953591843592345413e+03,3.002308533714962323e+03,2.960744030366774041e+03,2.846788415421797254e+03,2.678333742955554044e+03,2.482669580024581592e+03,2.276555594091980311e+03,2.062986273838200759e+03,1.844956107943684401e+03,1.625459585088880885e+03,1.407491193954234859e+03,1.194045423220192561e+03,9.881167615672000011e+02,7.926996976757050106e+02,6.107887202261510993e+02,4.453783178989858129e+02,2.994629793746554469e+02,1.760371933336059556e+02,7.801197364804012579e+01,5.568565002932555075e+00,-3.023278834843627649e+01,-2.810394656308877970e+01,-1.787418002706492359e+01,-1.336676650953949519e+01,-1.297695645595622338e+01,-2.823323393724368913e+01,-2.088480986285579277e+01,-2.224569571401511681e+01,-4.221216388518207907e+01,-3.102051264015997134e+01,-2.331147098038973198e+01,-1.202006469186501647e+01,-2.283568702152927443e+01,-2.150515235792721569e+01,-3.219530383347444058e+01,-3.481728208202770958e+01
-2.386086068802752536e+01,-2.456369350165054399e+01,-2.724869737716124618e+01,-2.384350763538577311e+01,-1.922662760786296232e+01,-3.100770404792180202e+01,-2.432061322064121711e+01,-2.077636251519042787e+01,-1.743781858078872915e+01,-3.608598489096478090e+01,-2.375934141655430665e+01,-2.386948730980918043e+01,-2.551067435021100493e+01,-2.872339564364693842e+01,-2.953506732315852545e+01,-2.137155041419036294e+01,-1.276592673294000413e+01,-1.741750636562211128e+02,-5.863051127584201367e+02,-1.321953684837200854e+03,-6.892645156601194003e+02,1.410530608090656187e+03,2.711497706938984720e+03,3.091954545185793449e+03,3.340143589612282085e+03,3.473954922092466859e+03,3.511278624500369915e+03,3.470004778710010214e+03,3.368023466595404898e+03,3.223224770030574291e+03,3.052637079531205018e+03,2.864054044697619702e+03,2.659666324719863042e+03,2.441586126886275451e+03,2.211925658485196436e+03,1.972797126804965046e+03,1.726312739133921241e+03,1.474584702760407936e+03,1.219725224972759861e+03,9.638465130593201593e+02,7.090607743084277672e+02,4.574802160084229286e+02,1.865470274187941300e+02,1.951760912075181409e+01,-2.926044671255500518e+01,-3.154157550635294172e+01,-2.093824326244164524e+01,-2.746855165713154179e+01,-2.276945733390592252e+01,-2.523390450953829856e+01,-1.886798939617435522e+01,-1.415634432826413125e+01,-2.505845725662836898e+01,-4.196144170848852895e+01,-2.910054863936064606e+01,-2.324601760724337751e+01,-3.372197018282886205e+01,-3.452443151695192824e+01,-4.149496954461871923e+01,-3.459922091239616293e+01
-2.905844399898728625e+01,-2.331105019356825281e+01,-2.302909537279595753e+01,-1.742557852123877282e+01,-1.341894469731370343e+01,-2.945246412162653371e+01,-2.514540492571998698e+01,-2.690265711294870599e+01,-3.916566119278736835e+01,-2.206667187923507001e+01,-2.984694786761458118e+01,-3.307723925094562389e+01,-2.168183193599184122e+01,-4.172209439395220443e+01,-2.680150168062260363e+01,-2.180111834684292660e+01,-1.116516797783629755e+01,-8.706946870416227569e+01,-6.014789516600972092e+02,-1.204441724867343055e+03,-1.087829300168863483e+03,7.085011109522737343e+02,2.670384109701114085e+03,3.261730575162561763e+03,3.596334413847218912e+03,3.810354103984095673e+03,3.921679727447212827e+03,3.948201366110588879e+03,3.907809101848241426e+03,3.818392789969615933e+03,3.692208021221796116e+03,3.531094194001636424e+03,3.337163515597476362e+03,3.112528193297654525e+03,2.859300434390511327e+03,2.579592446164386729e+03,2.275516435907619780e+03,1.949184610908553623e+03,1.602709178455523897e+03,1.238202345836872155e+03,8.577763203409383550e+02,2.453489900947429305e+02,1.580652468237850030e+02,2.476435573166902060e+01,5.643523822025365178e+00,-3.180403681033325469e+01,-3.343843063905743662e+01,-4.096621695397540464e+01,-1.575034515541982572e+01,-2.648069298006518579e+01,-2.477236058183297374e+01,-2.887160537000254479e+01,-2.525567070222404098e+01,-4.572746347526568655e+01,-2.925868107964772236e+01,-2.042612464504442471e+01,-2.323781346544671322e+01,-2.708207458596527317e+01,-1.693718511159988438e+01,-4.275240675134094914e+01
-2.807580300397182071e+01,-2.910968049580973016e+01,-2.701192475271260918e+01,-2.098984958178783700e+01,-2.513836279773671833e+01,-1.517344270981973153e+01,-2.727379202951429349e+01,-3.157183934279963466e+01,-3.422230132146023607e+01,-2.085547750974165382e+01,-2.380106441956932173e+01,-3.414045795048528475e+01,-2.510755368117265363e+01,-2.270393586945231590e+01,-2.321906583586106620e+01,-2.350054022682125066e+01,-2.288677380463765942e+01,-4.893815883713580206e+01,-4.199343565071112039e+02,-9.961104969454688671e+02,-1.327317395984498489e+03,9.309439840874537708e+01,2.140915328950630283e+03,3.291084441036650787e+03,3.707216789278596480e+03,3.996558552371289807e+03,4.176999812188741089e+03,4.266430650604974289e+03,4.282741149494009733e+03,4.243071136244072477e+03,4.151081123173080414e+03,4.007149885589918995e+03,3.813389630782924996e+03,3.571912566040441106e+03,3.284830898650806830e+03,2.954256835902359853e+03,2.582302585083441954e+03,2.171080353482394457e+03,1.722702348387554821e+03,1.007501378997693223e+03,4.826901075359754145e+02,3.449946356532492473e+02,1.141808185895746419e+02,4.853715403310857113e+01,5.981149788634685649e+01,-2.067928413432110446e+01,-2.664596589929358572e+01,-3.158380977223427521e+01,-3.640824209738404704e+01,-2.804635929615716705e+01,-2.424229037446405854e+01,-2.563833427014464661e+01,-3.540053981575510278e+01,-3.433164008163882386e+01,-3.804831625282569263e+01,-1.920232399424256542e+01,-1.632684078851445264e+01,-4.289673279925473537e+01,-3.579008785110817215e+00,-5.428710965772401664e+01
-2.513859534558897835e+01,-2.897448972086527874e+01,-2.590254102208135123e+01,-2.630672188690675384e+01,-2.852454419223651172e+01,-2.953267754728510042e+01,-2.370359978095736508e+01,-2.587052031870916835e+01,-2.615033470683525252e+01,-2.288208372628026410e+01,-1.886302786035352597e+01,-2.000311296528400717e+01,-2.814668075847517059e+01,-2.040678454654808860e+01,-1.830449996112639610e+01,-2.080263916760150167e+01,-2.546942556535250191e+01,-4.973361243830289879e+01,-2.331700021238366958e+02,-8.471884160153311996e+02,-1.371908267197894247e+03,-3.511236593489832671e+02,1.391122894531019256e+03,3.095332560264901076e+03,3.657843188887860833e+03,4.017620740235485755e+03,4.262291351706395290e+03,4.409745105174609307e+03,4.477872082514147223e+03,4.480007602675870658e+03,4.411925727305277178e+03,4.274890461382684407e+03,4.071014012196429576e+03,3.802408587034856737e+03,3.471186393186300847e+03,3.079459637939103231e+03,2.629340528581607032e+03,2.102504167046909515e+03,7.902706943909348638e+02,7.233917543166385258e+02,5.419882744690040681e+02,2.536560480025176787e+02,8.638056829994386021e+01,7.937613216815508110e+01,8.109300096476241038e+01,1.219064833038323137e+01,-3.780140239164468063e+00,-2.441957889126382497e+01,-3.113049313990768496e+01,-3.407482624585190933e+01,-2.727445140955532565e+01,-3.621768918475181920e+01,-3.377580154296359183e+01,-2.223792389465416264e+01,-3.059483383915014443e+01,-2.736442089311606196e+01,-2.613586918404199366e+01,-2.927609680443412898e+01,-4.653419900105150830e+00,-6.718433487320712061e+01
-1.741487757203223197e+01,-2.332937671884116071e+01,-2.541985197829032828e+01,-2.759181731765285406e+01,-3.020891413188228114e+01,-3.650286460771636854e+01,-2.555217131299476563e+01,-2.567565483139762961e+01,-2.465702114174828807e+01,-2.750449218817210451e+01,-3.233175547092984914e+01,-2.523311852867917082e+01,-2.374476572434403465e+01,-2.723649493270072952e+01,-2.205080454883482588e+01,-2.198072724725464866e+01,-2.602383844277416003e+01,-3.419119894180138175e+01,-1.477266360485258190e+02,-4.963803472510194865e+02,-1.119521436386887672e+03,-5.883325264117875122e+02,7.185621325983388488e+02,2.430492518544896939e+03,3.433266085656446194e+03,3.858593140558128653e+03,4.162606818981615106e+03,4.363197202800933155e+03,4.478254373890096758e+03,4.511871531185232016e+03,4.457411175538609314e+03,4.316985263300154656e+03,4.092706001758214825e+03,3.786685598201119319e+03,3.401036259917218558e+03,2.937870194194842497e+03,1.908198666943377702e+03,9.222816713548115786e+02,9.348703829501845348e+02,7.164626157844965064e+02,4.023627717031749853e+02,1.692956497813385397e+02,6.335968692092938426e+01,1.058214182798939191e+02,7.098586437382310521e+01,6.249107067476481348e+01,3.604491041923522943e+01,-3.031368712027894041e+00,-2.719589029910841305e+01,-3.449622327401659305e+01,-2.357191818501618386e+01,-2.006540740059522676e+01,-3.132010243344310751e+01,-2.680365419369302060e+01,-1.630480167355125332e+01,-1.470928050454536873e+01,-2.735393465264496271e+01,-2.554877392744248610e+01,-1.560266906641914808e+01,-7.982695184462704674e+01
-2.879110586144052775e+01,-2.503216366086858713e+01,-1.979726055031501630e+01,-2.535588766098527458e+01,-2.964877719955608981e+01,-1.471900326629618405e+01,-5.008924787792610189e+00,-2.285626689100601538e+01,-2.822068471848869109e+01,-3.520606095720897599e+01,-2.302927099268283939e+01,-1.777330076211273280e+01,-3.214867898450012973e+01,-4.947902595708026752e+01,-5.643202938638792432e+01,-5.189908979085711849e+01,-3.285193009957603749e+01,-1.352650587306633767e+01,-1.417435124555175996e+01,-1.970794476179256094e+02,-6.239079861678023917e+02,-5.830707941316929919e+02,2.505017289911467628e+02,1.558657796985208734e+03,2.982251360805677450e+03,3.504528226320659087e+03,3.862998686995848857e+03,4.111839416465391878e+03,4.267367787671456426e+03,4.321332263692377637e+03,4.270206809793296088e+03,4.116103633262556286e+03,3.861134941388496372e+03,3.507412941459456761e+03,2.898279077512326694e+03,1.465941922089317359e+03,1.139978289573429720e+03,1.084542445950061165e+03,8.358341121131817317e+02,5.194737174242279707e+02,2.564551262099727751e+02,8.742780954778665148e+01,3.365830259561663240e+01,1.154586609870836895e+02,1.069330063576682193e+02,1.103463421606308543e+02,6.306086539563273163e+01,1.976507148718784634e+01,-4.898484980713926973e+01,-6.213061076765662705e+01,-7.613209255643087658e+01,-1.499189637816727441e+02,-3.014832316415185005e+02,-2.321778013790362820e+02,-1.538114902215999180e+01,5.210572579765143786e+01,1.755297749870175394e+01,-1.683238586121602154e+01,-2.934323203104108302e+01,-9.059783001881996256e+01
0.000000000000000000e+00,-2.992379650972263505e+01,-1.613913599448816782e+01,-1.901547851429420177e+01,-2.854204902399427723e+01,-4.058636817925867746e+01,-3.806424546713935797e+01,-2.016163274876776867e+01,-1.938177468034043827e+01,6.282028687560111280e+01,-1.155043593312349941e+02,-2.264219772382419649e+02,-1.467975195703246243e+02,-1.022719407473157673e+02,-1.022425204651328556e+02,-9.495402645733105373e+01,-6.997895244357316358e+01,-1.418826661383814702e+01,7.527967436836333093e+01,9.836876557403712695e+01,-5.302121967529716784e+01,-3.089776155415089534e+02,1.602955351998855349e+01,8.412343913513188909e+02,2.084324061872170205e+03,2.940478470504511733e+03,3.348519428730525306e+03,3.640724219149411510e+03,3.827034216285659568e+03,3.891059142117520423e+03,3.832981971989554495e+03,3.654914913190100378e+03,3.344351727323854448e+03,2.339090495921691399e+03,1.232190243359496662e+03,1.256581074024971940e+03,1.139824395829715741e+03,8.675192159685034312e+02,5.650827206215565184e+02,3.068572847532013839e+02,1.107532277814045187e+02,-3.407344555055381363e+00,-1.418345653291047803e+01,8.796252496498249229e+01,1.287295978948359334e+02,1.180712763244478509e+02,8.605289750106962288e+01,4.525415259069342966e+01,-5.720818579741572307e+01,-1.093006408117212942e+02,-1.645372067334715496e+02,-3.831662182200903999e+02,-8.323453055282215018e+02,-6.663768634788775671e+02,-3.734394038672748195e+01,2.390449316497567906e+02,2.005810881073787186e+02,7.749959354785276844e+01,-6.574614077685319558e+01,-9.787983884262267509e+01
0.000000000000000000e+00,0.000000000000000000e+00,0.000000000000000000e+00,0.000000000000000000e+00,-2.381021957807847755e+01,5.458062251610830806e+00,2.631057575547520244e+01,-1.092754843244950713e+01,-5.064741782006731228e+02,-2.544590703762679368e+03,-5.419744796698224491e+03,-6.968116332184869862e+03,-4.437119922601129929e+02,-6.260373230136787015e+02,-3.748718771110009129e+02,-2.110929177280915781e+02,-1.538177775756124106e+02,-4.895912715429717110e+01,1.464029320341462039e+02,3.698401988019716100e+02,5.225723359647375901e+02,2.182583148518074836e+02,4.397959058944783095e+01,3.534116306718004807e+02,1.106640387113413226e+03,2.136202396322155892e+03,2.604221517167098227e+03,2.934904083834453559e+03,3.139922750714517861e+03,3.203721508380896012e+03,3.128406004047617898e+03,2.649499552313806362e+03,1.729414436307952883e+03,1.168456560645084892e+03,1.239506477222885678e+03,1.068132685102605137e+03,7.941332624961701185e+02,5.272995997588125192e+02,2.869046979409986875e+02,8.887895368149958131e+01,-5.084723638091432463e+01,-1.163434756074741756e+02,-9.162546232156581993e+01,2.632358923170241383e+01,1.029699146813815958e+02,1.299827329718440012e+02,1.179163845932189929e+02,7.378846291523537104e+01,-4.333600479315887810e+01,-1.597878418795569644e+02,-2.635144708572152581e+02,-6.791753846364455285e+02,-1.199098286176862757e+03,-9.824436883332417665e+02,1.150914721945099295e+01,5.567004957575572917e+02,5.645276123105116994e+02,2.663374271987603379e+02,-8.598312578323832156e+01,-1.000558477628716645e+02
0.000000000000000000e+00,0.000000000000000000e+00,0.000000000000000000e+00,0.000000000000000000e+00,0.000000000000000000e+00,0.000000000000000000e+00,0.000000000000000000e+00,0.000000000000000000e+00,6.115158821239721874e+03,6.320346552689211421e+03,-1.482434358983739367e+04,-2.115709479194681626e+04,-2.150810548593426938e+04,-1.060798315137147802e+04,-1.384677599296763333e+02,-3.018903423056783595e+02,-2.328872249936836738e+02,-3.332049545489327613e+01,2.958976593546232152e+02,7.803687580201002447e+02,1.069668275800569063e+03,5.717137573959828387e+02,1.883043591478717644e+02,1.038730452706998904e+02,3.542720143562149815e+02,9.719162933098868962e+02,1.615157425287006845e+03,1.977178126025961319e+03,2.188702732878253300e+03,2.161854175738785216e+03,1.753787983823675177e+03,1.193579170042894702e+03,1.070758416928538736e+03,1.056170951680623602e+03,8.686794345680883680e+02,6.520325746803488300e+02,4.263914291323939665e+02,2.076863945629949910e+02,1.184786761091866580e+01,-1.451937550850640264e+02,-1.546049844435273997e+02,1.881434403129379263e+01,-3.284210578361884245e+02,1.590246069345090234e+02,9.611405785119981715e+01,1.583015513095157019e+02,1.595134189906427764e+02,1.102496852799883129e+02,-1.182735076574376620e+01,-1.940283599160071901e+02,-3.422509934044329611e+02,-1.001816570829798820e+03,-1.443236246027890729e+03,-1.019524258343030397e+03,2.789170247273795553e+02,9.869606534525879624e+02,6.623368318155403358e+02,1.723491742284102486e+02,-5.779457874516208449e+01,-9.550872622640341092e+01
0.000000000000000000e+00,0.000000000000000000e+00,0.000000000000000000e+00,0.000000000000000000e+00,0.000000000000000000e+00,0.000000000000000000e+00,0.000000000000000000e+00,0.000000000000000000e+00,0.000000000000000000e+00,0.000000000000000000e+00,0.000000000000000000e+00,1.393139277702321306e+04,1.174792440893437197e+04,-3.288867139790010697e+04,-2.706695101630469071e+04,-5.151871785241293765e+03,1.299195790290574450e+02,1.239369455188601279e+02,4.820409342336444070e+02,1.495250691929581762e+03,9.339956690964127120e+02,4.222031745330511967e+02,3.283040061005578991e+01,-1.966434624976090220e+02,-2.387405925059082676e+02,-6.265892211741461892e+01,3.622586869732064088e+02,7.413180078338309613e+02,8.810005790795294160e+02,8.591524988087479642e+02,6.803335539053034609e+02,7.675120763384054499e+02,7.247228968352658285e+02,6.170578695157697666e+02,4.649655099562977512e+02,3.637513853798769219e+02,9.461408499879839837e+02,1.789466844472036200e+03,2.268884239670810075e+03,2.207199967839275359e+03,1.566923285622288404e+03,3.231153733004734363e+02,5.874150199313861549e+02,9.704681088194467975e+02,8.579005899983719701e+02,3.890897532830393288e+02,2.381336954361972573e+02,1.729844221619198947e+02,4.219948111037163585e+01,-1.922448529339890513e+02,-4.629104580063316803e+02,-1.262347353147633385e+03,-1.448058525235843035e+03,-6.762149888642792348e+02,5.387830093807828007e+02,3.129399035362308155e+02,1.460186705252968409e+02,1.939540598032058938e+01,-4.024685901926332576e+01,-8.262134368005438034e+01
0.000000000000000000e+00,0.000000000000000000e+00,0.000000000000000000e+00,0.000000000000000000e+00,0.000000000000000000e+00,0.000000000000000000e+00,0.000000000000000000e+00,0.000000000000000000e+00,0.000000000000000000e+00,0.000000000000000000e+00,0.000000000000000000e+00,0.000000000000000000e+00,0.000000000000000000e+00,0.000000000000000000e+00,0.000000000000000000e+00,-2.782020091915463126e+04,-1.762760230910579048e+04,-1.061429916673153912e+03,3.082120420852888856e+03,6.760754169127134219e+02,5.121353728209876266e+01,-4.974453542619296513e+02,-9.550893887846011694e+02,-5.500951270789074442e+03,-5.825264317567274702e+03,-4.092838810287435081e+03,-1.981177786465303370e+03,-7.333394533473934871e+02,-2.658487256091066797e+02,1.382404094870524887e+02,3.181870841593257637e+02,1.044173762521030994e+03,1.746640113452011519e+03,2.320390072205363140e+03,2.744240521033912501e+03,2.998628717175642578e+03,3.063991917868534983e+03,2.920767380350573603e+03,2.559868147180207870e+03,1.942792122747289341e+03,9.978568998186110548e+02,-1.666583952033105618e+02,3.511079723821413836e+02,9.002878411863625843e+02,1.268529617392923228e+03,1.367410209202816304e+03,1.056780000916965491e+03,3.866712114577431407e+02,1.334584912903560223e+02,-1.315385693109791134e+02,-6.164412807314386100e+02,-1.043867697533559067e+03,-4.857603884514954871e+02,-3.031893720960475775e+02,-3.223954544183501412e+02,-2.675565451294398258e+02,-1.492696605169812756e+02,-5.823740097716757447e+01,-2.597789692084780100e+01,-5.977656957066134424e+01
0.000000000000000000e+00,0.000000000000000000e+00,0.000000000000000000e+00,0.000000000000000000e+00,0.000000000000000000e+00,0.000000000000000000e+00,0.000000000000000000e+00,0.000000000000000000e+00,0.000000000000000000e+00,0.000000000000000000e+00,0.000000000000000000e+00,0.000000000000000000e+00,0.000000000000000000e+00,0.000000000000000000e+00,0.000000000000000000e+00,0.000000000000000000e+00,0.000000000000000000e+00,0.000000000000000000e+00,-2.135424890713451532e+03,-6.327524524987463337e+03,-9.059868957115444573e+03,-1.053010787468000854e+04,-1.093589096526377034e+04,-1.047486791644936784e+04,-9.344688415819400689e+03,-7.743002150956505830e+03,-5.867458809443305654e+03,-3.915708078862409820e+03,-2.085399646796460274e+03,-5.741832008280524633e+02,4.552549174542368746e+02,1.109035284665572135e+03,1.464668706924975822e+03,1.575145998605567684e+03,1.493457974080467011e+03,1.272595447722794006e+03,9.655492339056686433e+02,6.253101470022120338e+02,3.048690013855400025e+02,5.721661142877429995e+01,-7.100536071901559865e+01,-8.676050328443346871e+01,-2.200296463807964642e+01,9.132760859059531811e+01,2.212915697721404911e+02,3.359492722771070703e+02,4.033610694760435535e+02,3.915873147395001297e+02,2.686883614380262202e+02,2.724562942171125268e+00,-3.319121352768399902e+02,-5.570783109282085661e+02,-6.748150413141613626e+02,-6.912973869295840359e+02,-6.136912861124316123e+02,-4.842823257971564885e+02,-3.005374647651597115e+02,-4.655610416963794052e+01,9.959905009911592444e+00,-2.535727334506045594e+01
